customer_id,lifetime_spend,order_frequency,segment
CUST000001,159387.89,5,VIP
CUST000002,223498.9,6,VIP
CUST000003,77470.32,4,VIP
CUST000004,75311.88,3,VIP
CUST000005,95337.31,3,VIP
CUST000006,147283.41,5,VIP
CUST000007,145165.13,4,VIP
CUST000008,158515.84,5,VIP
CUST000009,264287.57,8,VIP
CUST000010,40493.38,2,VIP
CUST000011,72848.95,2,VIP
CUST000012,68659.39,4,VIP
CUST000013,210493.4,8,VIP
CUST000014,52953.41,3,VIP
CUST000015,56438.21,3,VIP
CUST000016,69465.93000000001,2,VIP
CUST000017,62185.57000000001,4,VIP
CUST000018,61603.32000000001,3,VIP
CUST000019,135579.08000000002,4,VIP
CUST000020,94666.42,3,VIP
CUST000021,145576.56,4,VIP
CUST000022,179796.62,7,VIP
CUST000023,44630.32,4,VIP
CUST000024,102419.18,3,VIP
CUST000025,106021.31,3,VIP
CUST000026,218953.45,10,VIP
CUST000027,30389.64,2,VIP
CUST000028,160248.5,7,VIP
CUST000029,153804.19,5,VIP
CUST000030,43486.75,2,VIP
CUST000031,32335.850000000002,2,VIP
CUST000032,16529.01,1,VIP
CUST000033,176583.3,4,VIP
CUST000034,161909.58000000002,4,VIP
CUST000035,134486.80000000002,7,VIP
CUST000036,118390.81,4,VIP
CUST000037,155901.58,5,VIP
CUST000038,37087.45,1,VIP
CUST000039,116159.76000000001,4,VIP
CUST000040,49837.32,1,VIP
CUST000041,120865.4,5,VIP
CUST000042,276516.33999999997,10,VIP
CUST000043,64338.85,4,VIP
CUST000044,71629.40000000001,5,VIP
CUST000045,8064.05,2,VIP
CUST000046,197973.12,8,VIP
CUST000047,47534.170000000006,5,VIP
CUST000048,86485.7,4,VIP
CUST000049,48749.08,2,VIP
CUST000050,175716.48,6,VIP
CUST000051,50285.58,2,VIP
CUST000052,5834.99,1,VIP
CUST000053,142933.24,4,VIP
CUST000054,146720.63,6,VIP
CUST000055,152071.23,7,VIP
CUST000056,67299.8,2,VIP
CUST000057,87918.54000000001,4,VIP
CUST000058,100753.08000000002,4,VIP
CUST000059,62527.490000000005,6,VIP
CUST000060,253051.92,6,VIP
CUST000061,66882.95,5,VIP
CUST000062,41340.28,2,VIP
CUST000063,86273.87,5,VIP
CUST000064,171078.66999999998,5,VIP
CUST000065,100005.68,5,VIP
CUST000066,55729.880000000005,2,VIP
CUST000067,94439.95,5,VIP
CUST000068,169284.97,6,VIP
CUST000069,44191.049999999996,2,VIP
CUST000070,123643.57,5,VIP
CUST000071,96282.70999999999,4,VIP
CUST000072,89693.12,5,VIP
CUST000073,170891.77,6,VIP
CUST000074,111726.64,3,VIP
CUST000075,126646.03,5,VIP
CUST000076,85150.37,4,VIP
CUST000077,85226.31,4,VIP
CUST000078,112533.55,5,VIP
CUST000079,168045.62,6,VIP
CUST000080,18396.05,2,VIP
CUST000081,156927.53,6,VIP
CUST000082,144614.25,4,VIP
CUST000083,145300.22,5,VIP
CUST000084,133440.38,6,VIP
CUST000085,53347.409999999996,3,VIP
CUST000086,95263.2,4,VIP
CUST000087,123165.1,4,VIP
CUST000088,97451.06,3,VIP
CUST000089,142461.75,7,VIP
CUST000090,56118.78,2,VIP
CUST000091,146456.46,5,VIP
CUST000092,147305.65,5,VIP
CUST000093,33181.21,3,VIP
CUST000094,119783.47,4,VIP
CUST000095,103661.15,5,VIP
CUST000096,9202.93,2,VIP
CUST000097,149059.37,6,VIP
CUST000098,65604.48,3,VIP
CUST000099,84709.27,3,VIP
CUST000100,96163.05,4,VIP
CUST000101,270771.58,8,VIP
CUST000102,134206.39,5,VIP
CUST000103,50418.39,2,VIP
CUST000104,83963.63,6,VIP
CUST000105,105629.13,4,VIP
CUST000106,153785.35,5,VIP
CUST000107,52519.22,2,VIP
CUST000108,168159.49,7,VIP
CUST000109,49036.95,1,VIP
CUST000110,135285.38,7,VIP
CUST000111,37601.67,3,VIP
CUST000112,135576.87,4,VIP
CUST000113,143634.96,5,VIP
CUST000114,15898.17,2,VIP
CUST000115,86205.65,3,VIP
CUST000116,161660.7,5,VIP
CUST000117,96698.98000000001,3,VIP
CUST000118,16755.69,1,VIP
CUST000119,116771.21,4,VIP
CUST000120,70359.58,4,VIP
CUST000121,209652.08000000002,7,VIP
CUST000122,127127.16,4,VIP
CUST000123,92859.94,4,VIP
CUST000124,78363.08,3,VIP
CUST000125,158631.7,5,VIP
CUST000126,154869.53,4,VIP
CUST000127,54641.16,2,VIP
CUST000128,148176.65,7,VIP
CUST000129,66306.86,3,VIP
CUST000130,51999.77,4,VIP
CUST000131,88651.9,5,VIP
CUST000132,149925.61000000002,5,VIP
CUST000133,64538.9,3,VIP
CUST000134,64904.74,2,VIP
CUST000135,101021.62,4,VIP
CUST000136,87228.59,3,VIP
CUST000137,104299.70999999999,5,VIP
CUST000138,177246.08000000002,7,VIP
CUST000139,98916.65,5,VIP
CUST000140,52682.71,4,VIP
CUST000141,84372.66,2,VIP
CUST000142,42177.81,1,VIP
CUST000143,134622.08,6,VIP
CUST000144,70405.61,2,VIP
CUST000145,31835.14,1,VIP
CUST000146,108073.0,3,VIP
CUST000147,135049.47,6,VIP
CUST000148,145797.33,5,VIP
CUST000149,125101.09,4,VIP
CUST000150,83907.13,3,VIP
CUST000152,188317.07,7,VIP
CUST000153,162247.96,8,VIP
CUST000154,119881.76,8,VIP
CUST000155,91764.55,5,VIP
CUST000156,24293.829999999998,2,VIP
CUST000157,85492.92,4,VIP
CUST000158,205720.49,9,VIP
CUST000159,144524.63,4,VIP
CUST000160,185456.04,5,VIP
CUST000161,158683.38,5,VIP
CUST000162,136130.82,5,VIP
CUST000163,24943.010000000002,2,VIP
CUST000164,81475.56000000001,3,VIP
CUST000165,35425.03,1,VIP
CUST000166,25556.15,2,VIP
CUST000167,137429.19,4,VIP
CUST000168,146800.63,6,VIP
CUST000169,37942.24,2,VIP
CUST000170,182017.16,8,VIP
CUST000171,82451.46,4,VIP
CUST000172,159964.02,6,VIP
CUST000173,132995.44,5,VIP
CUST000174,40488.83,1,VIP
CUST000175,83445.43,4,VIP
CUST000176,90437.85,4,VIP
CUST000177,141511.72,7,VIP
CUST000178,146262.64,5,VIP
CUST000179,85101.44,4,VIP
CUST000180,59123.380000000005,2,VIP
CUST000181,45741.509999999995,2,VIP
CUST000182,48960.41,4,VIP
CUST000183,263487.23000000004,10,VIP
CUST000184,167447.85,6,VIP
CUST000185,171660.00999999998,8,VIP
CUST000186,138900.06,8,VIP
CUST000187,45587.31,2,VIP
CUST000188,187050.54,6,VIP
CUST000189,58292.67,2,VIP
CUST000190,24586.54,1,VIP
CUST000191,132920.84,4,VIP
CUST000192,29445.940000000002,3,VIP
CUST000193,106829.40000000001,6,VIP
CUST000194,125470.16,6,VIP
CUST000195,182695.47999999998,8,VIP
CUST000196,98690.94,4,VIP
CUST000197,24979.01,1,VIP
CUST000198,145293.97,5,VIP
CUST000199,101702.64,3,VIP
CUST000200,55746.810000000005,2,VIP
CUST000201,179998.86,7,VIP
CUST000202,117069.54000000001,5,VIP
CUST000203,73573.84,3,VIP
CUST000204,35772.74,1,VIP
CUST000205,4993.1,1,High Value
CUST000206,178067.26,5,VIP
CUST000207,64392.22,2,VIP
CUST000208,193843.08000000002,6,VIP
CUST000209,113484.38,4,VIP
CUST000210,181719.53,5,VIP
CUST000211,69299.55,4,VIP
CUST000212,358147.91000000003,11,VIP
CUST000213,88163.08,5,VIP
CUST000214,137868.31,9,VIP
CUST000215,124822.65,6,VIP
CUST000216,139971.97999999998,6,VIP
CUST000217,63399.93,3,VIP
CUST000218,27666.579999999998,2,VIP
CUST000219,188865.47999999998,8,VIP
CUST000220,173875.43,5,VIP
CUST000221,68477.32,4,VIP
CUST000222,75462.47,3,VIP
CUST000223,57355.35,3,VIP
CUST000224,252383.52000000002,9,VIP
CUST000225,37057.21,2,VIP
CUST000227,40459.12,1,VIP
CUST000228,86885.88,3,VIP
CUST000229,12945.47,1,VIP
CUST000230,43615.13,1,VIP
CUST000231,52204.59,4,VIP
CUST000232,240153.64,8,VIP
CUST000234,118044.81,5,VIP
CUST000235,110467.06000000001,4,VIP
CUST000236,66473.81,2,VIP
CUST000237,144045.25,5,VIP
CUST000238,107283.23,4,VIP
CUST000239,92250.73,5,VIP
CUST000240,147940.49,5,VIP
CUST000241,32064.28,2,VIP
CUST000242,26237.87,2,VIP
CUST000243,97807.36,4,VIP
CUST000244,101859.95,4,VIP
CUST000245,123247.67,5,VIP
CUST000246,120220.75,7,VIP
CUST000247,200705.5,7,VIP
CUST000248,37214.14,3,VIP
CUST000249,68925.95,4,VIP
CUST000250,192865.07,8,VIP
CUST000251,59760.93,2,VIP
CUST000252,205679.35,7,VIP
CUST000253,29971.4,2,VIP
CUST000254,108309.89,4,VIP
CUST000255,78225.18,4,VIP
CUST000256,142699.37,5,VIP
CUST000257,113418.51000000001,5,VIP
CUST000258,30030.6,2,VIP
CUST000259,9743.54,1,VIP
CUST000260,89895.73,4,VIP
CUST000261,108000.18,5,VIP
CUST000262,49740.19,2,VIP
CUST000263,195537.58,6,VIP
CUST000264,72582.2,2,VIP
CUST000265,85155.54000000001,3,VIP
CUST000266,59589.03,2,VIP
CUST000267,26050.49,1,VIP
CUST000268,104570.84,4,VIP
CUST000269,104505.6,4,VIP
CUST000270,102018.97,3,VIP
CUST000271,143367.08,4,VIP
CUST000272,91106.65,4,VIP
CUST000273,70642.97,4,VIP
CUST000274,60079.57,4,VIP
CUST000275,67411.75,5,VIP
CUST000276,8373.27,1,VIP
CUST000277,132069.07,4,VIP
CUST000278,188296.22999999998,6,VIP
CUST000279,86277.06,3,VIP
CUST000280,255364.45,8,VIP
CUST000281,42969.350000000006,2,VIP
CUST000282,91204.5,3,VIP
CUST000283,81518.16999999998,3,VIP
CUST000284,67778.92,4,VIP
CUST000285,68463.13,5,VIP
CUST000286,87586.81,3,VIP
CUST000287,225917.37,9,VIP
CUST000288,49861.74,1,VIP
CUST000289,124871.6,6,VIP
CUST000290,53229.35,3,VIP
CUST000291,56242.67,3,VIP
CUST000292,83094.57,3,VIP
CUST000293,47254.0,3,VIP
CUST000294,86775.86,4,VIP
CUST000295,72650.01,4,VIP
CUST000296,189701.94,7,VIP
CUST000297,60704.93,3,VIP
CUST000298,44122.42,2,VIP
CUST000299,212645.86,8,VIP
CUST000300,17955.36,2,VIP
CUST000301,54192.49,3,VIP
CUST000302,159317.89,6,VIP
CUST000303,54423.45,3,VIP
CUST000304,102874.36,5,VIP
CUST000305,91204.29000000001,3,VIP
CUST000306,7957.75,1,VIP
CUST000307,80079.74,4,VIP
CUST000308,299974.85,10,VIP
CUST000309,68152.72,2,VIP
CUST000310,78626.28,3,VIP
CUST000311,4511.39,2,High Value
CUST000313,194688.27,6,VIP
CUST000314,112207.99,3,VIP
CUST000315,42446.22,1,VIP
CUST000316,168637.99,7,VIP
CUST000317,127141.45,4,VIP
CUST000318,116858.64,4,VIP
CUST000319,8616.83,1,VIP
CUST000320,71870.13,2,VIP
CUST000321,43290.49,2,VIP
CUST000322,186894.61,6,VIP
CUST000323,89075.52,4,VIP
CUST000325,78392.52,3,VIP
CUST000326,142078.01,6,VIP
CUST000327,58502.11,3,VIP
CUST000328,138894.92,5,VIP
CUST000329,177550.46,7,VIP
CUST000330,122575.17,5,VIP
CUST000331,82518.70999999999,3,VIP
CUST000332,9221.25,1,VIP
CUST000333,135934.85,7,VIP
CUST000334,25608.91,2,VIP
CUST000335,202889.93,7,VIP
CUST000336,153678.57,8,VIP
CUST000337,48448.3,2,VIP
CUST000338,182156.31,6,VIP
CUST000339,44991.24,1,VIP
CUST000340,62474.649999999994,2,VIP
CUST000341,91009.76999999999,4,VIP
CUST000342,88048.44,4,VIP
CUST000343,130989.54999999999,5,VIP
CUST000344,198553.76,8,VIP
CUST000345,162032.8,6,VIP
CUST000346,269.64,1,Low Value
CUST000347,146053.85,6,VIP
CUST000348,119156.28,4,VIP
CUST000349,131219.08000000002,7,VIP
CUST000350,127029.82,4,VIP
CUST000351,14595.23,1,VIP
CUST000352,191938.05,7,VIP
CUST000353,23741.670000000002,2,VIP
CUST000354,111270.15000000001,4,VIP
CUST000355,83626.45000000001,3,VIP
CUST000356,30685.54,3,VIP
CUST000357,65122.07,2,VIP
CUST000358,212060.22,8,VIP
CUST000359,152214.57,4,VIP
CUST000360,46821.47,3,VIP
CUST000361,34870.95,1,VIP
CUST000362,97131.06,3,VIP
CUST000363,186885.73,9,VIP
CUST000364,140237.42,4,VIP
CUST000365,62256.36,2,VIP
CUST000366,89875.79999999999,5,VIP
CUST000367,82333.09,5,VIP
CUST000368,98668.65,4,VIP
CUST000369,73155.28,4,VIP
CUST000370,175651.72,5,VIP
CUST000371,48559.560000000005,2,VIP
CUST000372,136851.76,4,VIP
CUST000373,35326.4,2,VIP
CUST000374,66543.7,2,VIP
CUST000375,78930.72,3,VIP
CUST000376,41127.18,2,VIP
CUST000377,124941.05,5,VIP
CUST000378,63860.53,3,VIP
CUST000379,71197.65,2,VIP
CUST000380,183882.64,5,VIP
CUST000381,146752.36,5,VIP
CUST000382,204719.04,7,VIP
CUST000383,208199.72,7,VIP
CUST000384,79268.59999999999,3,VIP
CUST000386,98622.61,3,VIP
CUST000387,91958.20999999999,4,VIP
CUST000389,114055.32,4,VIP
CUST000390,54744.399999999994,2,VIP
CUST000391,286763.04,9,VIP
CUST000392,102203.48000000001,4,VIP
CUST000393,109133.67,6,VIP
CUST000394,60131.55,4,VIP
CUST000395,148676.76,4,VIP
CUST000396,151944.03,5,VIP
CUST000398,104980.01000000001,5,VIP
CUST000399,213135.18,7,VIP
CUST000400,58423.24,3,VIP
CUST000401,112492.43,5,VIP
CUST000402,21397.14,3,VIP
CUST000403,100094.23,4,VIP
CUST000404,53153.770000000004,2,VIP
CUST000405,80608.59,3,VIP
CUST000406,132883.85,6,VIP
CUST000407,200814.83000000002,6,VIP
CUST000408,99326.66,6,VIP
CUST000409,41189.869999999995,4,VIP
CUST000410,49649.89,2,VIP
CUST000411,107080.56,4,VIP
CUST000412,62850.93,3,VIP
CUST000414,49500.990000000005,3,VIP
CUST000415,136042.11,5,VIP
CUST000416,148923.87,4,VIP
CUST000417,73004.41,3,VIP
CUST000418,120277.01000000001,5,VIP
CUST000419,131102.02,5,VIP
CUST000420,76919.9,5,VIP
CUST000421,152112.53,5,VIP
CUST000422,169655.38999999998,4,VIP
CUST000423,108424.90000000001,4,VIP
CUST000424,157321.12,6,VIP
CUST000425,97443.65,3,VIP
CUST000426,18678.35,1,VIP
CUST000427,130251.56,4,VIP
CUST000428,35421.11,1,VIP
CUST000429,90190.76000000001,7,VIP
CUST000430,64120.29,4,VIP
CUST000431,86796.73,3,VIP
CUST000432,99328.11,6,VIP
CUST000433,163028.07,7,VIP
CUST000434,70462.81,2,VIP
CUST000435,133791.97,6,VIP
CUST000436,44657.10999999999,3,VIP
CUST000437,111664.82,4,VIP
CUST000438,177120.88,9,VIP
CUST000439,44776.149999999994,4,VIP
CUST000440,65454.48,4,VIP
CUST000441,78186.45,5,VIP
CUST000442,147272.91999999998,5,VIP
CUST000443,34799.28,2,VIP
CUST000444,139121.88,5,VIP
CUST000445,107822.12000000001,3,VIP
CUST000446,64010.39,5,VIP
CUST000447,98016.18,6,VIP
CUST000448,114867.45,6,VIP
CUST000449,83730.68,2,VIP
CUST000450,135255.31,5,VIP
CUST000451,27367.28,2,VIP
CUST000452,112600.73,4,VIP
CUST000453,62661.34,3,VIP
CUST000454,69524.76999999999,2,VIP
CUST000455,88373.89,4,VIP
CUST000456,69106.11,2,VIP
CUST000457,99103.56,3,VIP
CUST000458,93541.54,5,VIP
CUST000459,63315.84,2,VIP
CUST000460,65471.36,3,VIP
CUST000461,111928.51,4,VIP
CUST000462,101673.73999999999,4,VIP
CUST000463,24844.949999999997,2,VIP
CUST000464,106926.31,4,VIP
CUST000465,47405.28,2,VIP
CUST000466,32476.28,2,VIP
CUST000467,15543.09,1,VIP
CUST000468,79773.83,4,VIP
CUST000469,100111.77,3,VIP
CUST000470,81453.53,7,VIP
CUST000471,88541.1,4,VIP
CUST000472,89983.14,2,VIP
CUST000473,220526.75,7,VIP
CUST000475,174447.76,8,VIP
CUST000476,76700.64,2,VIP
CUST000477,127344.64,4,VIP
CUST000478,115135.97,4,VIP
CUST000479,62913.69,2,VIP
CUST000480,29066.52,1,VIP
CUST000481,89965.79,4,VIP
CUST000482,42710.67,2,VIP
CUST000483,32541.12,2,VIP
CUST000484,54176.75,4,VIP
CUST000485,98593.49,3,VIP
CUST000486,46187.71,2,VIP
CUST000487,219595.5,7,VIP
CUST000488,173109.73,6,VIP
CUST000489,7439.57,2,VIP
CUST000490,109481.53,4,VIP
CUST000491,171590.1,6,VIP
CUST000492,52832.119999999995,3,VIP
CUST000494,99832.57,5,VIP
CUST000495,111019.53,5,VIP
CUST000496,49297.79,1,VIP
CUST000497,74386.08,3,VIP
CUST000498,87840.19,2,VIP
CUST000499,192404.53,6,VIP
CUST000500,93456.37,4,VIP
CUST000501,205773.88,6,VIP
CUST000502,169714.41,6,VIP
CUST000503,42056.25,1,VIP
CUST000504,124696.65999999999,6,VIP
CUST000505,89679.2,2,VIP
CUST000506,193080.13,9,VIP
CUST000507,216629.89,8,VIP
CUST000508,74338.79000000001,3,VIP
CUST000509,22093.12,1,VIP
CUST000510,105886.56,4,VIP
CUST000511,152001.72,4,VIP
CUST000512,99441.70999999999,4,VIP
CUST000513,166797.7,5,VIP
CUST000514,36048.5,1,VIP
CUST000515,174885.35,6,VIP
CUST000516,121068.53,5,VIP
CUST000517,125463.03,4,VIP
CUST000518,115495.32,4,VIP
CUST000519,196705.5,6,VIP
CUST000520,62705.119999999995,5,VIP
CUST000521,153439.12,5,VIP
CUST000522,92875.1,4,VIP
CUST000523,30624.370000000003,3,VIP
CUST000524,117768.56,5,VIP
CUST000525,74289.56999999999,3,VIP
CUST000526,163699.4,5,VIP
CUST000527,97868.56,2,VIP
CUST000528,119501.78,3,VIP
CUST000529,48004.41,1,VIP
CUST000530,52276.549999999996,2,VIP
CUST000531,79532.53,6,VIP
CUST000532,99735.5,5,VIP
CUST000533,177608.21,10,VIP
CUST000534,40992.03,1,VIP
CUST000535,160387.6,5,VIP
CUST000536,171200.25,6,VIP
CUST000537,126782.63,5,VIP
CUST000538,397355.52,13,VIP
CUST000539,250402.36,9,VIP
CUST000540,24251.809999999998,2,VIP
CUST000541,204052.22,8,VIP
CUST000542,49821.76,4,VIP
CUST000543,137231.14,6,VIP
CUST000544,113826.22,3,VIP
CUST000545,70554.59,3,VIP
CUST000546,3184.13,1,High Value
CUST000547,76997.94,2,VIP
CUST000548,151248.92,7,VIP
CUST000550,88268.97,6,VIP
CUST000551,107590.16,5,VIP
CUST000552,59435.76,3,VIP
CUST000553,44403.37,1,VIP
CUST000554,53534.21,5,VIP
CUST000555,115900.94,6,VIP
CUST000556,2035.38,1,High Value
CUST000557,11351.5,1,VIP
CUST000558,122211.34,5,VIP
CUST000559,137411.04,4,VIP
CUST000560,190029.52,7,VIP
CUST000561,178484.05000000002,7,VIP
CUST000562,196958.84999999998,7,VIP
CUST000563,67517.85,3,VIP
CUST000564,102611.05,4,VIP
CUST000565,133189.87,5,VIP
CUST000566,77272.05,4,VIP
CUST000567,81939.97,3,VIP
CUST000568,61400.02,4,VIP
CUST000569,74522.09,3,VIP
CUST000570,43873.28,2,VIP
CUST000571,55912.57,2,VIP
CUST000572,136461.37,5,VIP
CUST000573,64119.65,2,VIP
CUST000574,74477.26999999999,2,VIP
CUST000575,95684.23,5,VIP
CUST000576,268111.07,10,VIP
CUST000577,98863.24,3,VIP
CUST000578,228514.58000000002,8,VIP
CUST000579,240759.77000000002,6,VIP
CUST000580,155126.09,4,VIP
CUST000581,117143.44,5,VIP
CUST000582,88269.46,4,VIP
CUST000583,141580.81,6,VIP
CUST000584,234941.3,8,VIP
CUST000585,56844.729999999996,3,VIP
CUST000586,166385.03,5,VIP
CUST000587,39612.119999999995,2,VIP
CUST000588,155378.99,5,VIP
CUST000589,178453.94,6,VIP
CUST000590,133218.38999999998,5,VIP
CUST000591,91176.65999999999,3,VIP
CUST000592,20777.23,1,VIP
CUST000593,141287.83,5,VIP
CUST000594,100789.29000000001,4,VIP
CUST000595,47588.25,4,VIP
CUST000596,44238.32,2,VIP
CUST000597,98510.9,4,VIP
CUST000598,90921.42,4,VIP
CUST000599,83367.62,4,VIP
CUST000600,240755.53,7,VIP
CUST000601,75664.17,3,VIP
CUST000602,82098.71,3,VIP
CUST000603,81941.12,3,VIP
CUST000604,142047.58,4,VIP
CUST000605,25708.75,3,VIP
CUST000606,81162.59999999999,3,VIP
CUST000607,102692.72,5,VIP
CUST000608,147575.88,4,VIP
CUST000609,239228.84,8,VIP
CUST000610,135543.95,4,VIP
CUST000611,257504.57,7,VIP
CUST000612,54046.92999999999,3,VIP
CUST000613,136469.53,6,VIP
CUST000614,138272.03,5,VIP
CUST000615,43383.28,2,VIP
CUST000616,94463.33,6,VIP
CUST000617,61978.149999999994,2,VIP
CUST000618,53369.009999999995,3,VIP
CUST000619,88423.19,5,VIP
CUST000620,90142.88,4,VIP
CUST000621,30439.73,1,VIP
CUST000622,115785.9,6,VIP
CUST000623,78846.34,4,VIP
CUST000624,3158.09,1,High Value
CUST000625,55674.96,2,VIP
CUST000626,132897.45,4,VIP
CUST000628,64136.130000000005,2,VIP
CUST000629,71287.76000000001,3,VIP
CUST000630,73581.59,4,VIP
CUST000631,16616.94,2,VIP
CUST000632,70342.56,3,VIP
CUST000633,50451.53,2,VIP
CUST000634,86363.38,4,VIP
CUST000635,81666.59999999999,5,VIP
CUST000636,106798.98,5,VIP
CUST000637,95232.64,6,VIP
CUST000638,45497.26,1,VIP
CUST000639,24961.99,1,VIP
CUST000640,70674.23000000001,3,VIP
CUST000641,56917.770000000004,2,VIP
CUST000642,188934.4,7,VIP
CUST000643,100455.45999999999,4,VIP
CUST000644,104814.64000000001,6,VIP
CUST000645,86932.82,3,VIP
CUST000646,92556.07,3,VIP
CUST000647,86161.2,4,VIP
CUST000648,106257.82999999999,3,VIP
CUST000649,90426.83,4,VIP
CUST000650,73029.48,2,VIP
CUST000651,91110.02,3,VIP
CUST000652,152232.38,5,VIP
CUST000653,118482.46,3,VIP
CUST000654,110053.29999999999,4,VIP
CUST000655,130869.13,6,VIP
CUST000656,246588.06,7,VIP
CUST000657,97197.43,3,VIP
CUST000658,186575.07,6,VIP
CUST000659,212060.21,7,VIP
CUST000660,120272.14,7,VIP
CUST000661,140501.08,5,VIP
CUST000662,139708.77,6,VIP
CUST000663,79296.6,4,VIP
CUST000664,36519.37,1,VIP
CUST000665,85623.85,4,VIP
CUST000666,40305.65,2,VIP
CUST000667,162788.44,8,VIP
CUST000668,119371.79000000001,4,VIP
CUST000669,50790.61,4,VIP
CUST000670,73011.94,3,VIP
CUST000671,68214.23999999999,4,VIP
CUST000672,134470.21,5,VIP
CUST000673,71599.44,2,VIP
CUST000674,57295.92,2,VIP
CUST000675,84350.1,4,VIP
CUST000676,100210.62999999999,7,VIP
CUST000677,91393.41,5,VIP
CUST000678,88951.33,3,VIP
CUST000679,225695.11000000002,6,VIP
CUST000680,65757.0,3,VIP
CUST000681,69597.51,3,VIP
CUST000682,161279.83000000002,4,VIP
CUST000683,246811.29,7,VIP
CUST000684,101389.93,5,VIP
CUST000685,138142.47,4,VIP
CUST000686,76991.07,3,VIP
CUST000687,145257.11,5,VIP
CUST000688,232132.55,7,VIP
CUST000689,95959.18,4,VIP
CUST000690,48452.770000000004,3,VIP
CUST000691,69459.95,3,VIP
CUST000692,81532.34,3,VIP
CUST000693,38537.68,2,VIP
CUST000694,81151.94,3,VIP
CUST000695,43778.450000000004,3,VIP
CUST000696,187231.83000000002,6,VIP
CUST000697,50838.78,3,VIP
CUST000698,63160.630000000005,2,VIP
CUST000699,61870.28,2,VIP
CUST000700,89393.65,3,VIP
CUST000701,215247.27000000002,8,VIP
CUST000702,189298.5,8,VIP
CUST000703,81996.56,3,VIP
CUST000704,107920.11,4,VIP
CUST000705,52980.6,3,VIP
CUST000706,77021.1,4,VIP
CUST000707,61887.170000000006,3,VIP
CUST000708,213285.91,7,VIP
CUST000709,259220.66,8,VIP
CUST000710,148504.85,4,VIP
CUST000711,207541.61,6,VIP
CUST000712,42343.79,1,VIP
CUST000713,2232.74,1,High Value
CUST000714,152577.76,6,VIP
CUST000715,200449.13,9,VIP
CUST000716,117530.31,4,VIP
CUST000717,39792.9,3,VIP
CUST000718,136483.15000000002,5,VIP
CUST000719,68297.48,3,VIP
CUST000720,56650.55,4,VIP
CUST000721,90863.37,3,VIP
CUST000722,175344.03,5,VIP
CUST000723,127672.34,3,VIP
CUST000724,41702.94,4,VIP
CUST000725,137351.76,7,VIP
CUST000726,47172.08,2,VIP
CUST000727,116596.31,5,VIP
CUST000728,198269.05,7,VIP
CUST000729,130196.54999999999,6,VIP
CUST000730,55264.12,5,VIP
CUST000731,49028.68,2,VIP
CUST000732,9758.07,1,VIP
CUST000733,58310.53,2,VIP
CUST000734,186956.63,6,VIP
CUST000735,155415.22999999998,7,VIP
CUST000736,70006.06,3,VIP
CUST000737,100697.1,3,VIP
CUST000738,72372.36,3,VIP
CUST000739,66688.16,4,VIP
CUST000740,112978.02,6,VIP
CUST000741,27081.53,5,VIP
CUST000742,72177.86,3,VIP
CUST000743,97257.15000000001,4,VIP
CUST000744,43870.62,3,VIP
CUST000745,125227.54999999999,4,VIP
CUST000746,165420.76,5,VIP
CUST000747,155365.83000000002,5,VIP
CUST000748,117423.98000000001,3,VIP
CUST000749,79934.25,3,VIP
CUST000750,217991.77000000002,8,VIP
CUST000751,174703.38,6,VIP
CUST000752,145408.59,5,VIP
CUST000753,38956.44,3,VIP
CUST000754,136568.18,3,VIP
CUST000755,72060.1,2,VIP
CUST000756,173728.13,4,VIP
CUST000757,42180.63,3,VIP
CUST000758,6352.39,1,VIP
CUST000760,144068.46000000002,4,VIP
CUST000761,105314.9,4,VIP
CUST000762,133839.48,7,VIP
CUST000763,123509.5,6,VIP
CUST000764,117165.2,5,VIP
CUST000765,77375.26999999999,3,VIP
CUST000766,197121.77000000002,5,VIP
CUST000767,146777.86,5,VIP
CUST000768,33464.520000000004,2,VIP
CUST000769,64521.96000000001,3,VIP
CUST000770,21817.02,3,VIP
CUST000771,157578.67,5,VIP
CUST000772,122254.79000000001,6,VIP
CUST000773,123823.17,5,VIP
CUST000774,218548.53,8,VIP
CUST000775,45028.11,2,VIP
CUST000776,75383.43,2,VIP
CUST000777,215548.15,7,VIP
CUST000778,101147.91,3,VIP
CUST000779,216002.56,8,VIP
CUST000780,83522.51000000001,4,VIP
CUST000781,62056.17,2,VIP
CUST000782,60854.79,2,VIP
CUST000783,96225.68,5,VIP
CUST000784,70161.76999999999,3,VIP
CUST000785,84698.86,4,VIP
CUST000786,111675.48,7,VIP
CUST000787,63729.85,2,VIP
CUST000788,175370.09,6,VIP
CUST000789,103266.89,3,VIP
CUST000790,68679.23999999999,3,VIP
CUST000791,94306.26,5,VIP
CUST000792,42885.18,1,VIP
CUST000793,121020.39,4,VIP
CUST000794,105622.09,4,VIP
CUST000795,128264.88,3,VIP
CUST000796,152747.86000000002,8,VIP
CUST000797,40927.58,1,VIP
CUST000798,108198.39,3,VIP
CUST000799,103271.01,4,VIP
CUST000800,68203.35,3,VIP
CUST000801,36872.88,2,VIP
CUST000802,86146.94,5,VIP
CUST000803,144081.53,4,VIP
CUST000804,90667.19,3,VIP
CUST000805,186826.63,6,VIP
CUST000806,145035.78999999998,5,VIP
CUST000807,26975.63,1,VIP
CUST000808,170567.85,7,VIP
CUST000809,86878.32,3,VIP
CUST000810,331291.05000000005,12,VIP
CUST000811,84308.72,3,VIP
CUST000812,287808.68,9,VIP
CUST000813,216653.95,7,VIP
CUST000814,115612.08,4,VIP
CUST000815,135980.19,6,VIP
CUST000816,47829.649999999994,4,VIP
CUST000817,115172.46,5,VIP
CUST000818,146388.45,5,VIP
CUST000819,72503.01,2,VIP
CUST000820,93011.27,5,VIP
CUST000821,117987.17,4,VIP
CUST000822,144639.85,5,VIP
CUST000823,109907.06,4,VIP
CUST000824,74698.89000000001,4,VIP
CUST000825,166281.9,6,VIP
CUST000826,74675.65,3,VIP
CUST000827,105756.83,4,VIP
CUST000828,38336.53,3,VIP
CUST000829,16657.02,1,VIP
CUST000830,46589.71,2,VIP
CUST000831,53561.31,2,VIP
CUST000832,107819.45,4,VIP
CUST000833,103223.98000000001,3,VIP
CUST000834,42926.91,1,VIP
CUST000835,5705.74,2,VIP
CUST000836,64581.34,2,VIP
CUST000837,25913.45,1,VIP
CUST000838,38050.67,2,VIP
CUST000839,88880.51,4,VIP
CUST000840,150863.27000000002,8,VIP
CUST000841,70835.24,2,VIP
CUST000842,73172.01,3,VIP
CUST000843,99672.99,5,VIP
CUST000844,128762.0,6,VIP
CUST000845,59148.42,3,VIP
CUST000846,201112.03999999998,8,VIP
CUST000847,26522.86,2,VIP
CUST000848,171318.1,4,VIP
CUST000849,106442.20000000001,5,VIP
CUST000850,103521.97,4,VIP
CUST000851,239194.09999999998,7,VIP
CUST000852,78599.45999999999,3,VIP
CUST000853,121815.4,4,VIP
CUST000854,81044.4,5,VIP
CUST000855,69321.78,4,VIP
CUST000856,102744.69,5,VIP
CUST000857,51667.29,3,VIP
CUST000858,89370.31,5,VIP
CUST000859,99545.45999999999,4,VIP
CUST000860,101881.33,4,VIP
CUST000861,123756.78,4,VIP
CUST000862,86286.3,3,VIP
CUST000863,144409.63,6,VIP
CUST000864,49497.72,2,VIP
CUST000865,37024.13,1,VIP
CUST000866,64003.240000000005,3,VIP
CUST000867,161781.33000000002,5,VIP
CUST000868,101118.41,4,VIP
CUST000869,177638.47,6,VIP
CUST000870,55373.12,2,VIP
CUST000871,122612.1,6,VIP
CUST000872,118517.86,5,VIP
CUST000873,47339.09,3,VIP
CUST000874,43498.19,3,VIP
CUST000875,25598.75,1,VIP
CUST000876,54763.27,2,VIP
CUST000877,117173.34,4,VIP
CUST000878,120994.67000000001,6,VIP
CUST000879,140977.65,5,VIP
CUST000880,57901.1,3,VIP
CUST000881,90505.96,3,VIP
CUST000882,52737.78,2,VIP
CUST000883,75086.1,4,VIP
CUST000884,64371.49,3,VIP
CUST000885,117876.98999999999,5,VIP
CUST000886,204205.28999999998,8,VIP
CUST000887,97412.85,3,VIP
CUST000888,70021.47,4,VIP
CUST000889,62893.240000000005,5,VIP
CUST000890,74653.39,3,VIP
CUST000891,94058.18,4,VIP
CUST000892,29635.83,1,VIP
CUST000893,100117.0,3,VIP
CUST000894,50021.9,2,VIP
CUST000895,34357.880000000005,2,VIP
CUST000896,144229.03,4,VIP
CUST000897,183622.59,5,VIP
CUST000898,167216.6,5,VIP
CUST000899,216687.09,8,VIP
CUST000900,81163.29000000001,2,VIP
CUST000901,121859.48999999999,5,VIP
CUST000902,43905.8,1,VIP
CUST000903,110465.91,5,VIP
CUST000904,141992.33,6,VIP
CUST000905,133672.4,4,VIP
CUST000906,94660.95000000001,4,VIP
CUST000907,133685.9,6,VIP
CUST000908,96742.55,4,VIP
CUST000909,66305.95,6,VIP
CUST000910,14933.86,1,VIP
CUST000911,91666.45,3,VIP
CUST000912,223662.67,7,VIP
CUST000913,194712.9,6,VIP
CUST000914,227821.0,8,VIP
CUST000915,60843.33,4,VIP
CUST000916,200023.80000000002,8,VIP
CUST000917,149359.26,5,VIP
CUST000918,155357.47999999998,4,VIP
CUST000919,39509.86,1,VIP
CUST000920,49466.72,3,VIP
CUST000921,129934.03,6,VIP
CUST000922,74396.33,3,VIP
CUST000923,125335.86,5,VIP
CUST000924,152458.17,7,VIP
CUST000925,163507.86000000002,6,VIP
CUST000926,112246.6,3,VIP
CUST000927,27038.54,1,VIP
CUST000928,117475.92000000001,3,VIP
CUST000929,48319.6,1,VIP
CUST000930,92281.97,4,VIP
CUST000931,69092.71,3,VIP
CUST000932,165321.1,8,VIP
CUST000933,96633.67,3,VIP
CUST000934,17681.96,2,VIP
CUST000935,165273.82,6,VIP
CUST000936,204331.43,7,VIP
CUST000937,63030.72,3,VIP
CUST000938,82262.66,3,VIP
CUST000939,24766.1,1,VIP
CUST000940,27995.09,1,VIP
CUST000941,96911.04000000001,3,VIP
CUST000942,110242.52,4,VIP
CUST000943,69776.23000000001,3,VIP
CUST000944,47975.93,3,VIP
CUST000945,170319.0,5,VIP
CUST000946,126846.22,4,VIP
CUST000947,69231.75,3,VIP
CUST000948,74828.6,4,VIP
CUST000949,62276.100000000006,3,VIP
CUST000950,109802.42,6,VIP
CUST000951,1954.54,1,Mid Value
CUST000952,177693.32,8,VIP
CUST000953,17488.83,1,VIP
CUST000954,114726.55,6,VIP
CUST000955,129644.45999999999,5,VIP
CUST000956,71244.82999999999,4,VIP
CUST000957,83245.94,3,VIP
CUST000958,57792.57,4,VIP
CUST000959,155920.5,5,VIP
CUST000960,78218.37,2,VIP
CUST000961,11937.03,1,VIP
CUST000962,76805.76999999999,2,VIP
CUST000963,68355.95000000001,3,VIP
CUST000964,166038.39,6,VIP
CUST000965,109404.19,5,VIP
CUST000966,98283.64,5,VIP
CUST000967,108816.54999999999,3,VIP
CUST000968,126777.35,4,VIP
CUST000969,46983.53,3,VIP
CUST000970,103307.24,4,VIP
CUST000971,180114.18,6,VIP
CUST000972,32421.66,1,VIP
CUST000973,133059.4,5,VIP
CUST000974,67677.55,3,VIP
CUST000975,140359.45,4,VIP
CUST000976,115865.13,4,VIP
CUST000977,78508.12,4,VIP
CUST000978,24288.61,2,VIP
CUST000979,38768.17,3,VIP
CUST000980,70244.25,2,VIP
CUST000981,223184.62,8,VIP
CUST000982,129736.86,5,VIP
CUST000983,19338.92,1,VIP
CUST000984,116419.98,4,VIP
CUST000985,218092.59,6,VIP
CUST000986,147211.64,7,VIP
CUST000987,56697.340000000004,2,VIP
CUST000988,67293.65,4,VIP
CUST000989,53598.509999999995,3,VIP
CUST000990,165284.13,6,VIP
CUST000991,53623.46,2,VIP
CUST000992,58938.299999999996,3,VIP
CUST000993,120240.76000000001,5,VIP
CUST000994,77384.73000000001,2,VIP
CUST000995,158967.47999999998,4,VIP
CUST000996,146582.86,5,VIP
CUST000997,114889.95999999999,3,VIP
CUST000998,176060.79,7,VIP
CUST000999,134102.37,4,VIP
CUST001000,149158.94,5,VIP
CUST001001,98039.13999999998,3,VIP
CUST001002,59179.55,3,VIP
CUST001003,32860.57,1,VIP
CUST001004,70356.72,2,VIP
CUST001005,83789.89,3,VIP
CUST001006,79531.16,3,VIP
CUST001007,107412.21,5,VIP
CUST001008,121318.88,5,VIP
CUST001009,139775.08000000002,4,VIP
CUST001010,42123.729999999996,2,VIP
CUST001011,61309.54,3,VIP
CUST001012,4039.17,1,High Value
CUST001013,162952.02,7,VIP
CUST001014,219420.03999999998,8,VIP
CUST001015,49589.31,2,VIP
CUST001016,119053.51,7,VIP
CUST001017,235445.66999999998,7,VIP
CUST001018,112445.41,6,VIP
CUST001019,48705.3,2,VIP
CUST001020,203483.64,8,VIP
CUST001021,140208.06,6,VIP
CUST001022,129341.67000000001,6,VIP
CUST001023,111714.53,4,VIP
CUST001024,164679.61,9,VIP
CUST001025,145541.39,7,VIP
CUST001026,140684.41999999998,6,VIP
CUST001027,152701.6,5,VIP
CUST001028,102971.57,3,VIP
CUST001029,139026.59,4,VIP
CUST001030,46596.16,3,VIP
CUST001031,132565.62,4,VIP
CUST001032,134056.15000000002,4,VIP
CUST001033,63996.869999999995,3,VIP
CUST001034,44927.29,1,VIP
CUST001035,91247.01999999999,3,VIP
CUST001036,136258.51,5,VIP
CUST001037,85266.31,3,VIP
CUST001038,212167.61,6,VIP
CUST001039,100705.69,3,VIP
CUST001040,29167.87,1,VIP
CUST001041,26553.14,3,VIP
CUST001042,66969.1,2,VIP
CUST001043,103147.98,5,VIP
CUST001044,158865.87,5,VIP
CUST001045,144181.78,3,VIP
CUST001046,109424.94,5,VIP
CUST001047,73408.25,3,VIP
CUST001048,262563.32,9,VIP
CUST001049,149188.08,5,VIP
CUST001050,113126.26000000001,4,VIP
CUST001051,106703.51,4,VIP
CUST001052,60908.56,4,VIP
CUST001053,81722.41,4,VIP
CUST001054,174789.48,7,VIP
CUST001055,55468.94,3,VIP
CUST001056,104102.65,5,VIP
CUST001057,97083.67,4,VIP
CUST001058,64853.1,5,VIP
CUST001059,99499.0,4,VIP
CUST001060,74086.42,3,VIP
CUST001061,177072.15999999997,5,VIP
CUST001062,166281.24,8,VIP
CUST001063,74194.38,3,VIP
CUST001064,18718.89,1,VIP
CUST001065,90273.81,4,VIP
CUST001066,28561.54,2,VIP
CUST001067,161103.14,7,VIP
CUST001068,90586.53,5,VIP
CUST001069,82305.4,3,VIP
CUST001070,72418.52,3,VIP
CUST001071,105404.08,5,VIP
CUST001072,165281.24,6,VIP
CUST001073,114812.76000000001,4,VIP
CUST001074,61103.61,4,VIP
CUST001075,61404.37,2,VIP
CUST001076,140313.95,7,VIP
CUST001077,104810.43,3,VIP
CUST001078,169929.11,5,VIP
CUST001079,130209.41,4,VIP
CUST001080,37460.01,1,VIP
CUST001081,73036.29,3,VIP
CUST001082,217440.14,6,VIP
CUST001083,122401.04999999999,4,VIP
CUST001084,118214.51999999999,6,VIP
CUST001085,117893.98999999999,5,VIP
CUST001086,97312.34999999999,4,VIP
CUST001087,128872.93,4,VIP
CUST001088,23653.19,2,VIP
CUST001089,81720.73,4,VIP
CUST001090,130904.25,4,VIP
CUST001091,86053.45,4,VIP
CUST001092,80334.57999999999,3,VIP
CUST001093,183267.98,7,VIP
CUST001094,17483.16,2,VIP
CUST001095,32730.62,2,VIP
CUST001096,147179.82,5,VIP
CUST001097,160975.79,8,VIP
CUST001098,79845.18,3,VIP
CUST001099,92383.21,5,VIP
CUST001100,3828.38,1,High Value
CUST001101,152181.78,5,VIP
CUST001102,138772.69,7,VIP
CUST001103,143059.11,5,VIP
CUST001104,129287.73,6,VIP
CUST001105,211389.14,6,VIP
CUST001106,39859.73,3,VIP
CUST001107,109045.99,4,VIP
CUST001108,90555.07,3,VIP
CUST001109,324522.7,9,VIP
CUST001110,115254.42000000001,5,VIP
CUST001111,127205.8,4,VIP
CUST001112,101187.14,3,VIP
CUST001113,98606.20999999999,4,VIP
CUST001114,148771.97,5,VIP
CUST001115,26458.64,3,VIP
CUST001116,187850.83000000002,5,VIP
CUST001117,121995.01,3,VIP
CUST001118,90727.93,2,VIP
CUST001119,231892.04,7,VIP
CUST001120,140743.53,5,VIP
CUST001121,112722.53,4,VIP
CUST001122,179712.22999999998,9,VIP
CUST001123,64790.1,4,VIP
CUST001124,119410.81,3,VIP
CUST001125,197105.35,7,VIP
CUST001126,36110.1,2,VIP
CUST001127,96478.43,3,VIP
CUST001128,149077.28,4,VIP
CUST001129,75032.17,3,VIP
CUST001130,83986.53,3,VIP
CUST001131,21046.66,1,VIP
CUST001132,59176.28,2,VIP
CUST001133,93293.13,2,VIP
CUST001134,182256.01,7,VIP
CUST001135,142300.34,5,VIP
CUST001136,113367.65000000001,6,VIP
CUST001137,115922.86,4,VIP
CUST001138,29054.54,3,VIP
CUST001139,78294.83,4,VIP
CUST001140,63404.58,3,VIP
CUST001141,77398.04,4,VIP
CUST001142,136057.66,5,VIP
CUST001143,38875.85,3,VIP
CUST001144,220544.79,6,VIP
CUST001145,52218.4,2,VIP
CUST001146,87330.49,5,VIP
CUST001147,85555.92,3,VIP
CUST001148,63366.31,5,VIP
CUST001149,140324.16,7,VIP
CUST001150,104967.59,6,VIP
CUST001151,129945.04000000001,4,VIP
CUST001152,196742.35,7,VIP
CUST001153,15819.939999999999,2,VIP
CUST001154,115559.11,3,VIP
CUST001155,49445.66,3,VIP
CUST001156,155426.07,7,VIP
CUST001157,97966.34,4,VIP
CUST001158,44993.600000000006,2,VIP
CUST001159,80351.88,4,VIP
CUST001160,20705.85,3,VIP
CUST001161,79484.32999999999,5,VIP
CUST001162,65125.88,4,VIP
CUST001163,166142.49,4,VIP
CUST001164,44970.11,1,VIP
CUST001165,98226.04000000001,4,VIP
CUST001166,35464.34,1,VIP
CUST001167,125685.59,4,VIP
CUST001168,100953.83,4,VIP
CUST001169,72359.75,3,VIP
CUST001170,54760.16,2,VIP
CUST001171,48566.25,2,VIP
CUST001172,160779.72,6,VIP
CUST001173,101654.12,5,VIP
CUST001174,121916.98000000001,6,VIP
CUST001175,124803.25,5,VIP
CUST001176,118390.19,4,VIP
CUST001177,152316.16999999998,6,VIP
CUST001178,84872.45,5,VIP
CUST001179,50454.54,3,VIP
CUST001180,165040.11,5,VIP
CUST001181,96171.59,3,VIP
CUST001182,87557.0,3,VIP
CUST001183,71176.01,2,VIP
CUST001184,46957.63,1,VIP
CUST001185,8926.74,2,VIP
CUST001186,52584.56,2,VIP
CUST001187,12487.67,2,VIP
CUST001188,24241.559999999998,3,VIP
CUST001189,110141.82,4,VIP
CUST001190,52009.130000000005,2,VIP
CUST001191,97258.97,4,VIP
CUST001192,193047.74,7,VIP
CUST001193,10454.529999999999,2,VIP
CUST001194,37728.799999999996,2,VIP
CUST001195,94770.4,3,VIP
CUST001196,49575.58,1,VIP
CUST001197,60391.01,4,VIP
CUST001198,70390.44,4,VIP
CUST001199,21544.43,1,VIP
CUST001200,139256.01,4,VIP
CUST001201,137841.24,5,VIP
CUST001202,29534.920000000002,2,VIP
CUST001203,92325.13,3,VIP
CUST001204,189630.14,6,VIP
CUST001205,100407.89,5,VIP
CUST001206,166186.66,6,VIP
CUST001207,25018.53,2,VIP
CUST001208,106411.22,4,VIP
CUST001209,36220.24,1,VIP
CUST001210,227755.53,10,VIP
CUST001211,64851.23,2,VIP
CUST001212,8214.0,2,VIP
CUST001213,165764.35,5,VIP
CUST001214,60784.42,4,VIP
CUST001215,122241.45999999999,5,VIP
CUST001216,82282.98000000001,3,VIP
CUST001217,105476.81999999999,5,VIP
CUST001218,15694.670000000002,2,VIP
CUST001219,128362.22,4,VIP
CUST001220,15493.630000000001,2,VIP
CUST001221,94226.34,5,VIP
CUST001222,143820.94,6,VIP
CUST001223,67155.36,3,VIP
CUST001224,155856.61,6,VIP
CUST001225,91814.5,4,VIP
CUST001226,192815.07,6,VIP
CUST001227,106414.7,4,VIP
CUST001228,156032.04,7,VIP
CUST001229,161314.88,6,VIP
CUST001230,117868.95,6,VIP
CUST001231,129779.9,5,VIP
CUST001232,206152.43,7,VIP
CUST001233,163838.63,5,VIP
CUST001234,62035.74,4,VIP
CUST001235,203414.91,7,VIP
CUST001236,24953.27,1,VIP
CUST001237,158904.35,5,VIP
CUST001238,79184.72,2,VIP
CUST001239,82260.91,4,VIP
CUST001240,316829.65,12,VIP
CUST001241,60190.990000000005,3,VIP
CUST001242,80067.98000000001,5,VIP
CUST001243,47922.14,2,VIP
CUST001244,234340.68,7,VIP
CUST001245,116683.88,5,VIP
CUST001246,305533.66,8,VIP
CUST001247,68959.8,2,VIP
CUST001248,153978.73,6,VIP
CUST001249,19245.46,2,VIP
CUST001250,98878.06,4,VIP
CUST001251,107613.97,5,VIP
CUST001252,63120.22,4,VIP
CUST001253,178658.49,5,VIP
CUST001254,70437.71,4,VIP
CUST001255,110243.4,5,VIP
CUST001256,154933.33,6,VIP
CUST001257,66382.9,4,VIP
CUST001258,111076.5,3,VIP
CUST001259,37053.99,1,VIP
CUST001260,81518.47,2,VIP
CUST001261,151438.81,4,VIP
CUST001262,228838.84,8,VIP
CUST001263,43888.31,3,VIP
CUST001264,151790.81,4,VIP
CUST001265,100782.57,3,VIP
CUST001266,123804.54,5,VIP
CUST001267,97376.79,3,VIP
CUST001268,18255.22,1,VIP
CUST001269,181301.03999999998,6,VIP
CUST001270,2498.41,1,High Value
CUST001271,193738.88,6,VIP
CUST001272,78229.97,4,VIP
CUST001273,58068.82,2,VIP
CUST001274,113551.19,5,VIP
CUST001275,90963.65000000001,3,VIP
CUST001276,132328.93,4,VIP
CUST001277,86523.3,4,VIP
CUST001278,101815.99,4,VIP
CUST001279,157473.91999999998,7,VIP
CUST001280,49393.47,1,VIP
CUST001281,93153.52,4,VIP
CUST001282,164697.05,5,VIP
CUST001283,97382.65,5,VIP
CUST001284,32437.92,1,VIP
CUST001286,92402.66,3,VIP
CUST001287,82951.6,4,VIP
CUST001288,128051.48,6,VIP
CUST001289,21464.52,1,VIP
CUST001290,116228.93000000001,5,VIP
CUST001291,211533.33,7,VIP
CUST001292,80766.64,2,VIP
CUST001293,131959.63,6,VIP
CUST001294,43585.42,2,VIP
CUST001295,64562.100000000006,2,VIP
CUST001296,30952.32,1,VIP
CUST001297,187092.16999999998,7,VIP
CUST001298,201817.97,6,VIP
CUST001299,84200.41,3,VIP
CUST001300,192537.78,6,VIP
CUST001301,145749.24,6,VIP
CUST001302,71795.97,3,VIP
CUST001303,178121.03,7,VIP
CUST001304,42572.85,3,VIP
CUST001305,105951.04,5,VIP
CUST001306,121013.38,5,VIP
CUST001307,222502.07,8,VIP
CUST001308,126641.18000000001,5,VIP
CUST001309,157193.43,7,VIP
CUST001310,65112.22,4,VIP
CUST001311,220689.16,9,VIP
CUST001312,154510.44,7,VIP
CUST001313,63222.03999999999,4,VIP
CUST001314,118948.07999999999,7,VIP
CUST001315,123343.67000000001,6,VIP
CUST001316,181127.62,6,VIP
CUST001317,188407.63,8,VIP
CUST001318,144531.86,7,VIP
CUST001319,102956.54,5,VIP
CUST001320,207395.93,8,VIP
CUST001321,120015.42,5,VIP
CUST001322,185709.69,7,VIP
CUST001323,291151.62,10,VIP
CUST001324,84622.62,3,VIP
CUST001325,34859.96,2,VIP
CUST001326,104388.33,4,VIP
CUST001327,88534.16,3,VIP
CUST001328,163311.38,6,VIP
CUST001329,131487.02,7,VIP
CUST001330,26543.13,2,VIP
CUST001331,96715.34,4,VIP
CUST001332,29561.050000000003,3,VIP
CUST001333,68267.22,2,VIP
CUST001334,94819.25,4,VIP
CUST001335,219227.02000000002,7,VIP
CUST001336,91519.13,4,VIP
CUST001337,48915.509999999995,3,VIP
CUST001338,81352.84,2,VIP
CUST001339,36051.1,3,VIP
CUST001340,88328.34,4,VIP
CUST001341,83843.1,5,VIP
CUST001342,155692.22999999998,6,VIP
CUST001343,100629.09,3,VIP
CUST001344,265479.92000000004,10,VIP
CUST001345,51491.229999999996,2,VIP
CUST001346,130572.16,5,VIP
CUST001347,173761.45,6,VIP
CUST001348,113744.66,5,VIP
CUST001349,115926.63,4,VIP
CUST001350,48433.39,4,VIP
CUST001351,195616.06,7,VIP
CUST001352,65799.0,2,VIP
CUST001353,72344.57,3,VIP
CUST001354,148455.64,6,VIP
CUST001355,106124.97,4,VIP
CUST001356,39084.76,1,VIP
CUST001357,23336.13,2,VIP
CUST001358,124862.45,4,VIP
CUST001359,216772.34,7,VIP
CUST001360,81518.05,4,VIP
CUST001361,175443.28,6,VIP
CUST001362,20446.06,1,VIP
CUST001363,24924.920000000002,2,VIP
CUST001364,134406.21,5,VIP
CUST001365,152374.73,7,VIP
CUST001366,110801.29000000001,3,VIP
CUST001367,97049.25,4,VIP
CUST001368,171468.61,7,VIP
CUST001369,34126.27,5,VIP
CUST001370,129097.17000000001,3,VIP
CUST001371,20626.03,2,VIP
CUST001372,186657.36000000002,6,VIP
CUST001373,92698.55,4,VIP
CUST001374,216450.91999999998,9,VIP
CUST001375,101450.36,4,VIP
CUST001376,42066.09,2,VIP
CUST001377,195431.62,6,VIP
CUST001378,132653.35,3,VIP
CUST001379,139550.27000000002,6,VIP
CUST001380,15447.57,2,VIP
CUST001381,177982.11,7,VIP
CUST001382,55322.95,2,VIP
CUST001383,272775.44,11,VIP
CUST001384,135713.49,5,VIP
CUST001385,10186.91,1,VIP
CUST001386,117793.84999999999,4,VIP
CUST001387,103244.38,4,VIP
CUST001388,78209.44,3,VIP
CUST001389,78275.67,4,VIP
CUST001390,152232.16,5,VIP
CUST001391,159264.43,6,VIP
CUST001392,96276.45999999999,4,VIP
CUST001393,61226.03,4,VIP
CUST001394,79604.28,3,VIP
CUST001395,95189.25,5,VIP
CUST001396,90897.43,5,VIP
CUST001397,94469.28,3,VIP
CUST001398,129760.52,5,VIP
CUST001399,64940.06,2,VIP
CUST001400,160271.85,6,VIP
CUST001401,54725.509999999995,2,VIP
CUST001402,130767.34,3,VIP
CUST001403,133889.05,5,VIP
CUST001404,103496.51,4,VIP
CUST001405,56529.64,2,VIP
CUST001406,153151.61,6,VIP
CUST001407,121132.64000000001,6,VIP
CUST001408,87993.89,3,VIP
CUST001409,67644.0,3,VIP
CUST001410,153974.7,5,VIP
CUST001411,117029.95,5,VIP
CUST001412,69710.85,3,VIP
CUST001413,186288.97999999998,6,VIP
CUST001414,150877.4,5,VIP
CUST001415,158152.93,6,VIP
CUST001416,150757.92,7,VIP
CUST001417,78542.41,4,VIP
CUST001418,144794.82,5,VIP
CUST001419,87345.65,3,VIP
CUST001420,17101.34,2,VIP
CUST001421,51042.82,4,VIP
CUST001422,68087.45,2,VIP
CUST001423,275875.65,10,VIP
CUST001424,72931.15,2,VIP
CUST001425,118726.88,4,VIP
CUST001426,61821.91,2,VIP
CUST001427,138929.14,6,VIP
CUST001428,115811.83,4,VIP
CUST001429,63864.85,2,VIP
CUST001430,44121.28,3,VIP
CUST001431,150675.71,4,VIP
CUST001432,83186.05,4,VIP
CUST001433,81969.48,3,VIP
CUST001434,66465.65,4,VIP
CUST001435,133320.03,7,VIP
CUST001436,81737.75,4,VIP
CUST001437,90170.66,5,VIP
CUST001438,108093.65,3,VIP
CUST001439,224911.69,6,VIP
CUST001440,83980.35,5,VIP
CUST001441,135349.35,4,VIP
CUST001442,77230.26000000001,4,VIP
CUST001443,71075.51999999999,2,VIP
CUST001444,154537.01,7,VIP
CUST001445,45955.49,1,VIP
CUST001446,112612.49,5,VIP
CUST001447,135420.97,4,VIP
CUST001448,152538.53,5,VIP
CUST001449,127283.5,5,VIP
CUST001450,68946.1,3,VIP
CUST001451,94691.25,3,VIP
CUST001452,172503.72,7,VIP
CUST001453,17444.47,2,VIP
CUST001454,69659.03,2,VIP
CUST001455,175037.34,6,VIP
CUST001456,152096.99,5,VIP
CUST001457,279146.95,10,VIP
CUST001458,169015.66999999998,5,VIP
CUST001459,141524.37,5,VIP
CUST001460,66982.5,3,VIP
CUST001461,75193.47,2,VIP
CUST001462,163210.44,7,VIP
CUST001463,38866.06,3,VIP
CUST001464,103157.75,5,VIP
CUST001465,97457.14,3,VIP
CUST001466,96754.7,4,VIP
CUST001467,36626.69,1,VIP
CUST001468,109676.08,3,VIP
CUST001469,93707.64,7,VIP
CUST001470,64552.09,5,VIP
CUST001471,75812.27,3,VIP
CUST001472,159377.46,6,VIP
CUST001473,77356.26,3,VIP
CUST001474,32712.72,3,VIP
CUST001475,152307.37,6,VIP
CUST001476,195862.4,5,VIP
CUST001477,136894.15999999997,4,VIP
CUST001478,118257.79000000001,3,VIP
CUST001479,154982.73,4,VIP
CUST001480,128275.03,6,VIP
CUST001481,153506.04,4,VIP
CUST001482,132299.18,6,VIP
CUST001483,30781.54,1,VIP
CUST001484,119209.47,4,VIP
CUST001485,79889.68,4,VIP
CUST001486,79308.7,4,VIP
CUST001487,34162.72,2,VIP
CUST001488,152738.22,5,VIP
CUST001490,49523.92,1,VIP
CUST001491,68563.78,4,VIP
CUST001492,104843.38,5,VIP
CUST001493,162135.96000000002,5,VIP
CUST001494,158763.65,4,VIP
CUST001495,129209.69,6,VIP
CUST001496,186426.76,6,VIP
CUST001497,35383.21,2,VIP
CUST001498,131982.94,6,VIP
CUST001499,173749.11000000002,6,VIP
CUST001500,128511.94,6,VIP
CUST001501,158975.36000000002,6,VIP
CUST001502,103917.37,5,VIP
CUST001503,1717.19,2,Mid Value
CUST001504,23728.739999999998,2,VIP
CUST001505,76073.20000000001,2,VIP
CUST001506,12739.14,2,VIP
CUST001507,36677.54,2,VIP
CUST001508,23944.03,2,VIP
CUST001509,151094.75,5,VIP
CUST001510,122579.59,4,VIP
CUST001511,142988.31,4,VIP
CUST001512,149210.09,5,VIP
CUST001513,58023.13,3,VIP
CUST001514,114034.23000000001,4,VIP
CUST001515,96732.98,4,VIP
CUST001516,85724.19,2,VIP
CUST001517,186.87,1,Low Value
CUST001518,1365.96,1,Mid Value
CUST001519,174819.04,11,VIP
CUST001520,29583.84,1,VIP
CUST001521,237471.29,8,VIP
CUST001522,179249.97,6,VIP
CUST001523,112878.75,3,VIP
CUST001524,83195.0,3,VIP
CUST001525,180150.39,4,VIP
CUST001526,98091.35,4,VIP
CUST001527,74671.03,4,VIP
CUST001528,175393.53,7,VIP
CUST001529,156988.39,4,VIP
CUST001530,24318.63,1,VIP
CUST001531,39093.72,2,VIP
CUST001532,51903.29,3,VIP
CUST001533,233322.67,8,VIP
CUST001534,50594.34,2,VIP
CUST001535,62193.82,3,VIP
CUST001536,89835.44,4,VIP
CUST001537,40002.79,2,VIP
CUST001538,88067.86,3,VIP
CUST001539,210772.21000000002,7,VIP
CUST001540,68053.79000000001,2,VIP
CUST001541,78168.32999999999,2,VIP
CUST001542,248899.5,8,VIP
CUST001543,92489.66,2,VIP
CUST001544,226215.93,7,VIP
CUST001545,22018.36,3,VIP
CUST001546,31180.85,2,VIP
CUST001547,102820.47,4,VIP
CUST001548,82157.5,4,VIP
CUST001549,138340.7,7,VIP
CUST001550,54053.34,4,VIP
CUST001551,75320.45,3,VIP
CUST001552,8310.42,1,VIP
CUST001553,115168.11,4,VIP
CUST001554,126009.83,5,VIP
CUST001555,105476.48999999999,3,VIP
CUST001556,133353.55,6,VIP
CUST001557,55115.13,3,VIP
CUST001558,57561.65,2,VIP
CUST001559,88847.81,4,VIP
CUST001560,190051.64,6,VIP
CUST001561,7732.57,1,VIP
CUST001562,145674.39,4,VIP
CUST001563,118849.35,3,VIP
CUST001564,147258.63,4,VIP
CUST001565,270278.87,7,VIP
CUST001566,59911.01,3,VIP
CUST001567,115110.65,3,VIP
CUST001568,3614.78,1,High Value
CUST001569,104514.51000000001,4,VIP
CUST001570,135831.05000000002,5,VIP
CUST001571,111527.07,4,VIP
CUST001572,116095.31,3,VIP
CUST001573,83109.35,4,VIP
CUST001574,57960.69,3,VIP
CUST001575,27694.24,2,VIP
CUST001576,94237.18,4,VIP
CUST001577,56997.56,3,VIP
CUST001578,34078.49,2,VIP
CUST001579,72845.13,3,VIP
CUST001580,21369.07,2,VIP
CUST001581,37450.8,2,VIP
CUST001582,157939.92,5,VIP
CUST001583,51120.66,4,VIP
CUST001584,105539.19,6,VIP
CUST001585,143787.23,7,VIP
CUST001586,94391.19,3,VIP
CUST001587,85208.94,3,VIP
CUST001588,94284.82,3,VIP
CUST001589,231936.17,8,VIP
CUST001591,179406.74,7,VIP
CUST001592,68954.02,4,VIP
CUST001594,124791.8,4,VIP
CUST001595,27088.89,2,VIP
CUST001596,101017.33,4,VIP
CUST001597,132910.64,6,VIP
CUST001598,60657.61,3,VIP
CUST001599,52926.14,2,VIP
CUST001600,86160.0,3,VIP
CUST001601,32504.56,1,VIP
CUST001602,30066.44,1,VIP
CUST001603,32085.550000000003,2,VIP
CUST001604,46666.05,1,VIP
CUST001605,55650.79,5,VIP
CUST001606,49931.21,2,VIP
CUST001607,51985.17,2,VIP
CUST001608,56085.11,2,VIP
CUST001609,57945.020000000004,3,VIP
CUST001610,150809.93,6,VIP
CUST001611,55879.880000000005,2,VIP
CUST001612,109732.81,4,VIP
CUST001613,195173.66999999998,8,VIP
CUST001614,60219.25,3,VIP
CUST001615,83141.95999999999,4,VIP
CUST001616,15836.34,1,VIP
CUST001617,74656.74,4,VIP
CUST001618,79466.03,3,VIP
CUST001619,76812.45999999999,3,VIP
CUST001620,186470.8,6,VIP
CUST001621,65276.520000000004,3,VIP
CUST001622,59341.93,2,VIP
CUST001623,42394.520000000004,2,VIP
CUST001624,59038.75,2,VIP
CUST001625,119383.67,4,VIP
CUST001626,196459.31,6,VIP
CUST001627,208188.22999999998,7,VIP
CUST001628,94667.73,3,VIP
CUST001630,91512.19,3,VIP
CUST001631,135349.91,4,VIP
CUST001632,83544.79000000001,2,VIP
CUST001633,168010.49,5,VIP
CUST001634,114975.23,4,VIP
CUST001635,154647.44,6,VIP
CUST001636,17549.05,4,VIP
CUST001637,21466.84,1,VIP
CUST001638,118176.03,5,VIP
CUST001639,107098.59,4,VIP
CUST001640,101458.17,5,VIP
CUST001641,86224.5,4,VIP
CUST001642,89864.14,3,VIP
CUST001643,85634.16,3,VIP
CUST001644,168000.74,6,VIP
CUST001645,153261.69,6,VIP
CUST001647,46616.39,2,VIP
CUST001648,186570.73,6,VIP
CUST001649,71252.95,3,VIP
CUST001650,90970.48999999999,2,VIP
CUST001651,68467.34,2,VIP
CUST001652,40603.05,1,VIP
CUST001653,60555.25,4,VIP
CUST001654,80030.94,4,VIP
CUST001655,52064.880000000005,4,VIP
CUST001656,106513.97,4,VIP
CUST001657,93857.97,3,VIP
CUST001658,82699.66,4,VIP
CUST001659,169851.05,8,VIP
CUST001660,88663.95,3,VIP
CUST001661,113898.95,3,VIP
CUST001662,31614.620000000003,2,VIP
CUST001663,87285.64,3,VIP
CUST001664,59773.34,2,VIP
CUST001665,85701.13,4,VIP
CUST001666,78986.23000000001,4,VIP
CUST001667,42357.31,2,VIP
CUST001668,115601.3,5,VIP
CUST001669,81482.75,5,VIP
CUST001670,172899.39,5,VIP
CUST001671,140706.55,7,VIP
CUST001672,45379.4,5,VIP
CUST001673,112261.83,5,VIP
CUST001674,123723.85,5,VIP
CUST001675,89321.61,3,VIP
CUST001676,122319.56999999999,4,VIP
CUST001677,183348.5,7,VIP
CUST001678,120724.77,4,VIP
CUST001679,101586.84,5,VIP
CUST001680,154045.89,5,VIP
CUST001681,33619.95,4,VIP
CUST001682,87398.54999999999,2,VIP
CUST001683,29210.05,2,VIP
CUST001684,55244.19,3,VIP
CUST001685,55286.0,2,VIP
CUST001686,67897.78,2,VIP
CUST001687,106060.19,4,VIP
CUST001688,204750.97,8,VIP
CUST001689,40543.0,1,VIP
CUST001690,133556.63,6,VIP
CUST001691,508.45,1,Mid Value
CUST001692,100211.12,4,VIP
CUST001693,49503.91,3,VIP
CUST001694,71332.77,4,VIP
CUST001695,68099.37,2,VIP
CUST001696,93561.91,3,VIP
CUST001697,259674.36,10,VIP
CUST001698,50394.02,4,VIP
CUST001699,81884.39,3,VIP
CUST001700,98492.01999999999,6,VIP
CUST001701,29961.510000000002,3,VIP
CUST001702,99649.11,4,VIP
CUST001703,126116.44,5,VIP
CUST001704,87695.56,5,VIP
CUST001705,115441.32999999999,4,VIP
CUST001706,92606.59,4,VIP
CUST001707,62409.93,5,VIP
CUST001708,101538.78,4,VIP
CUST001709,102476.81,3,VIP
CUST001710,69608.21,3,VIP
CUST001711,150383.36000000002,5,VIP
CUST001712,36128.59,1,VIP
CUST001713,64965.57,4,VIP
CUST001714,134734.36,6,VIP
CUST001715,216035.43,9,VIP
CUST001716,90909.79999999999,4,VIP
CUST001717,50889.47,2,VIP
CUST001718,198816.29,8,VIP
CUST001719,33943.93,3,VIP
CUST001720,135692.28,5,VIP
CUST001721,135923.8,6,VIP
CUST001722,112041.01000000001,5,VIP
CUST001723,86169.61,4,VIP
CUST001724,158838.06,6,VIP
CUST001725,83353.93,6,VIP
CUST001726,170305.43,7,VIP
CUST001727,31551.82,2,VIP
CUST001728,63260.2,3,VIP
CUST001729,54261.36,2,VIP
CUST001730,87005.19,4,VIP
CUST001731,41743.22,1,VIP
CUST001732,26353.93,2,VIP
CUST001733,81962.26999999999,5,VIP
CUST001734,145804.16,9,VIP
CUST001735,133058.93,6,VIP
CUST001736,50497.16,5,VIP
CUST001737,97418.82,4,VIP
CUST001738,47626.67,4,VIP
CUST001739,76760.12,2,VIP
CUST001740,113204.53,7,VIP
CUST001741,71436.26000000001,3,VIP
CUST001742,198985.64,8,VIP
CUST001743,62569.090000000004,2,VIP
CUST001744,90716.91,3,VIP
CUST001745,44875.72,1,VIP
CUST001746,66461.19,4,VIP
CUST001747,94160.48,5,VIP
CUST001748,41376.6,2,VIP
CUST001749,44379.2,1,VIP
CUST001750,217019.68,7,VIP
CUST001751,109050.82,5,VIP
CUST001752,106991.24,4,VIP
CUST001753,94487.23,4,VIP
CUST001754,157191.16,7,VIP
CUST001755,12912.77,1,VIP
CUST001756,86706.39,3,VIP
CUST001757,74409.88,3,VIP
CUST001758,79772.48,4,VIP
CUST001759,67333.48,2,VIP
CUST001760,55224.03,2,VIP
CUST001762,99297.3,5,VIP
CUST001763,59384.990000000005,4,VIP
CUST001764,8060.139999999999,2,VIP
CUST001765,177945.09,9,VIP
CUST001766,117441.09,6,VIP
CUST001767,179403.64,7,VIP
CUST001768,170779.96,7,VIP
CUST001769,59741.91,3,VIP
CUST001770,132397.09,5,VIP
CUST001771,153831.72,6,VIP
CUST001772,76049.28,4,VIP
CUST001773,78073.15,5,VIP
CUST001774,97521.76000000001,3,VIP
CUST001775,20997.739999999998,2,VIP
CUST001776,78971.28,4,VIP
CUST001777,296435.59,8,VIP
CUST001778,111030.75,5,VIP
CUST001779,22929.42,2,VIP
CUST001780,40343.21000000001,2,VIP
CUST001781,48710.95,2,VIP
CUST001782,115368.82,5,VIP
CUST001783,170706.82,7,VIP
CUST001784,78544.28,3,VIP
CUST001785,132321.36,6,VIP
CUST001786,68632.44,3,VIP
CUST001787,149801.19,6,VIP
CUST001788,197002.28,8,VIP
CUST001789,135471.08,7,VIP
CUST001790,214353.03,5,VIP
CUST001791,101471.78,3,VIP
CUST001792,171145.42,5,VIP
CUST001793,4064.2,1,High Value
CUST001794,104814.27,4,VIP
CUST001795,75265.16,3,VIP
CUST001796,77088.79000000001,3,VIP
CUST001797,154914.57,8,VIP
CUST001798,171471.5,6,VIP
CUST001799,46182.37,2,VIP
CUST001800,26511.06,1,VIP
CUST001801,85931.92,4,VIP
CUST001802,72626.78,4,VIP
CUST001803,60349.47,3,VIP
CUST001804,229558.34,8,VIP
CUST001805,55542.72,4,VIP
CUST001806,155158.78999999998,6,VIP
CUST001807,57048.06,3,VIP
CUST001808,210438.0,6,VIP
CUST001809,92971.93,5,VIP
CUST001810,85885.31,4,VIP
CUST001811,114370.48,5,VIP
CUST001813,10416.5,1,VIP
CUST001814,5062.0,1,VIP
CUST001815,45685.81,3,VIP
CUST001816,45372.58,3,VIP
CUST001817,139527.36,5,VIP
CUST001818,252391.28,10,VIP
CUST001819,31295.5,2,VIP
CUST001820,149722.26,4,VIP
CUST001821,158603.53,5,VIP
CUST001822,51233.18,2,VIP
CUST001823,64986.48,2,VIP
CUST001824,47447.37,1,VIP
CUST001825,133613.71000000002,4,VIP
CUST001826,80106.42,2,VIP
CUST001828,80359.94,4,VIP
CUST001829,77124.73,4,VIP
CUST001831,318943.8,10,VIP
CUST001832,11500.07,1,VIP
CUST001833,84733.31,4,VIP
CUST001834,131001.86,4,VIP
CUST001835,100706.84,5,VIP
CUST001836,98693.59,4,VIP
CUST001837,89998.94,3,VIP
CUST001838,132780.43,4,VIP
CUST001839,279836.98,12,VIP
CUST001840,120579.94,4,VIP
CUST001841,110729.37,4,VIP
CUST001842,102508.19,3,VIP
CUST001843,129459.98,4,VIP
CUST001844,39206.17,1,VIP
CUST001845,123814.33,5,VIP
CUST001846,83346.88,3,VIP
CUST001847,35633.79,1,VIP
CUST001848,82142.23999999999,4,VIP
CUST001849,119469.27,8,VIP
CUST001850,24298.67,3,VIP
CUST001851,78416.01,2,VIP
CUST001852,66528.08,2,VIP
CUST001853,161200.36,6,VIP
CUST001854,152760.88,6,VIP
CUST001855,37269.95,1,VIP
CUST001856,3457.49,1,High Value
CUST001857,160707.48,6,VIP
CUST001858,157935.79,5,VIP
CUST001859,34653.36,2,VIP
CUST001860,60598.659999999996,5,VIP
CUST001861,81323.97,4,VIP
CUST001862,117488.5,4,VIP
CUST001863,186756.95,6,VIP
CUST001864,41401.58,2,VIP
CUST001865,24096.9,1,VIP
CUST001866,33467.95,1,VIP
CUST001867,126262.64,5,VIP
CUST001868,214252.01,7,VIP
CUST001869,181775.38,7,VIP
CUST001870,49970.01,2,VIP
CUST001871,142195.0,6,VIP
CUST001872,27505.460000000003,2,VIP
CUST001873,52388.86,4,VIP
CUST001874,49489.04,3,VIP
CUST001875,95537.21,5,VIP
CUST001876,132225.98,6,VIP
CUST001877,13205.91,2,VIP
CUST001878,48693.28,1,VIP
CUST001879,114331.97,4,VIP
CUST001880,193868.83000000002,7,VIP
CUST001881,59844.55,2,VIP
CUST001882,36956.950000000004,2,VIP
CUST001883,72812.77,3,VIP
CUST001884,69314.34,4,VIP
CUST001885,89398.47,5,VIP
CUST001886,126938.57,4,VIP
CUST001887,171231.22,7,VIP
CUST001888,41992.14,2,VIP
CUST001889,84268.69,3,VIP
CUST001890,43680.729999999996,2,VIP
CUST001891,34726.62,2,VIP
CUST001892,126774.54,5,VIP
CUST001893,38231.34,2,VIP
CUST001894,127626.56,5,VIP
CUST001895,75726.12,3,VIP
CUST001896,145126.71,5,VIP
CUST001897,123401.46,4,VIP
CUST001898,50824.759999999995,3,VIP
CUST001899,153058.08,6,VIP
CUST001900,162046.47,6,VIP
CUST001901,18898.79,1,VIP
CUST001902,122939.82,3,VIP
CUST001903,48939.18,3,VIP
CUST001904,144108.06,6,VIP
CUST001905,190553.97999999998,5,VIP
CUST001906,130196.97,5,VIP
CUST001907,60131.03,4,VIP
CUST001908,69422.57,5,VIP
CUST001909,262870.39,9,VIP
CUST001910,74405.04000000001,2,VIP
CUST001911,46333.240000000005,3,VIP
CUST001912,49183.59,1,VIP
CUST001913,55126.06,4,VIP
CUST001914,54016.32,2,VIP
CUST001915,104162.33,4,VIP
CUST001916,118332.81999999999,6,VIP
CUST001917,60890.619999999995,2,VIP
CUST001918,116055.76000000001,4,VIP
CUST001919,176741.27,7,VIP
CUST001920,227075.15,10,VIP
CUST001921,100694.20999999999,6,VIP
CUST001922,278131.92,9,VIP
CUST001923,52848.5,2,VIP
CUST001924,56378.57000000001,2,VIP
CUST001925,113089.51,4,VIP
CUST001926,136984.01,4,VIP
CUST001927,143590.79,7,VIP
CUST001928,256188.32,10,VIP
CUST001929,71536.02,2,VIP
CUST001930,116564.14000000001,5,VIP
CUST001931,42248.11,2,VIP
CUST001932,84270.83,4,VIP
CUST001933,84767.7,4,VIP
CUST001934,36451.92,1,VIP
CUST001935,32898.1,3,VIP
CUST001936,184324.51,8,VIP
CUST001938,104204.85,3,VIP
CUST001939,233644.55000000002,7,VIP
CUST001940,57551.19,3,VIP
CUST001941,111802.4,5,VIP
CUST001942,159596.76,6,VIP
CUST001943,64142.42,2,VIP
CUST001944,183819.33000000002,6,VIP
CUST001945,102507.47,3,VIP
CUST001946,41463.23,3,VIP
CUST001947,59153.37000000001,3,VIP
CUST001948,49002.51,3,VIP
CUST001949,145800.54,5,VIP
CUST001950,128346.59,5,VIP
CUST001951,48483.6,2,VIP
CUST001952,79788.67,3,VIP
CUST001953,116451.27,4,VIP
CUST001954,51027.79,3,VIP
CUST001955,137931.53999999998,5,VIP
CUST001956,143859.04,7,VIP
CUST001957,19163.35,1,VIP
CUST001958,64674.81,3,VIP
CUST001959,76831.85,4,VIP
CUST001960,36831.01,5,VIP
CUST001961,49585.0,2,VIP
CUST001962,135553.43,8,VIP
CUST001963,156379.33,6,VIP
CUST001964,77192.01,4,VIP
CUST001965,211592.39,9,VIP
CUST001966,158429.53,5,VIP
CUST001967,34166.9,1,VIP
CUST001968,124455.29,5,VIP
CUST001969,81260.91,3,VIP
CUST001970,167989.93,5,VIP
CUST001971,100719.18,3,VIP
CUST001972,67560.5,2,VIP
CUST001973,184316.55,8,VIP
CUST001974,155040.26,7,VIP
CUST001975,41399.67,1,VIP
CUST001976,73048.18,3,VIP
CUST001977,202792.96,8,VIP
CUST001978,113439.35,5,VIP
CUST001979,71491.92,2,VIP
CUST001980,69246.32,3,VIP
CUST001981,87370.39,2,VIP
CUST001982,159187.63,5,VIP
CUST001983,88802.77,4,VIP
CUST001984,100491.17,4,VIP
CUST001985,194138.1,7,VIP
CUST001986,52250.15,2,VIP
CUST001987,63224.189999999995,2,VIP
CUST001988,112341.91,4,VIP
CUST001989,166990.57,7,VIP
CUST001990,142713.1,6,VIP
CUST001991,32545.61,2,VIP
CUST001992,213789.63,7,VIP
CUST001993,103133.76000000001,6,VIP
CUST001994,131071.31000000001,4,VIP
CUST001995,65882.3,4,VIP
CUST001996,81535.36,2,VIP
CUST001997,62225.409999999996,4,VIP
CUST001998,82998.68,6,VIP
CUST001999,133775.66,3,VIP
CUST002000,104674.70999999999,5,VIP
CUST002001,81637.02,5,VIP
CUST002002,171705.81,6,VIP
CUST002003,45839.0,2,VIP
CUST002004,42215.03,2,VIP
CUST002005,51443.3,3,VIP
CUST002006,156762.11,8,VIP
CUST002007,224660.57,9,VIP
CUST002008,9409.67,1,VIP
CUST002009,86304.68,4,VIP
CUST002010,85710.04,3,VIP
CUST002011,36961.09,3,VIP
CUST002012,80886.09,3,VIP
CUST002013,201051.14,7,VIP
CUST002014,47685.26,2,VIP
CUST002015,70894.7,3,VIP
CUST002016,32576.12,3,VIP
CUST002017,55922.17,3,VIP
CUST002018,126906.20999999999,5,VIP
CUST002019,47113.97,4,VIP
CUST002020,43260.31,1,VIP
CUST002021,28307.34,2,VIP
CUST002022,55164.68,3,VIP
CUST002023,108988.33,4,VIP
CUST002024,69868.57,5,VIP
CUST002025,112163.23999999999,4,VIP
CUST002026,11706.69,1,VIP
CUST002027,280818.89,8,VIP
CUST002028,91049.85,2,VIP
CUST002029,56141.10999999999,3,VIP
CUST002030,236791.15999999997,7,VIP
CUST002031,148285.69,4,VIP
CUST002032,110318.91,5,VIP
CUST002033,60824.78,3,VIP
CUST002034,33885.64,2,VIP
CUST002035,7413.84,1,VIP
CUST002036,63518.399999999994,2,VIP
CUST002037,163689.13,6,VIP
CUST002038,124757.95,4,VIP
CUST002039,75268.06,3,VIP
CUST002040,168870.39,7,VIP
CUST002041,109103.4,4,VIP
CUST002042,49270.44,2,VIP
CUST002043,64012.94,2,VIP
CUST002044,59089.340000000004,2,VIP
CUST002045,133994.78,5,VIP
CUST002046,84084.93,2,VIP
CUST002047,126658.45,4,VIP
CUST002048,29120.53,2,VIP
CUST002049,93574.9,4,VIP
CUST002050,65959.81,2,VIP
CUST002051,46970.98,1,VIP
CUST002052,177581.55,7,VIP
CUST002053,114605.22,4,VIP
CUST002054,96494.41,3,VIP
CUST002055,124123.95,8,VIP
CUST002056,150273.0,5,VIP
CUST002057,130879.0,4,VIP
CUST002058,67213.28,3,VIP
CUST002059,107221.94,4,VIP
CUST002060,121743.92,3,VIP
CUST002061,252879.31999999998,10,VIP
CUST002062,38187.79,1,VIP
CUST002063,103482.42,4,VIP
CUST002064,93720.47,4,VIP
CUST002065,127620.26999999999,6,VIP
CUST002066,24120.65,2,VIP
CUST002067,78025.51000000001,3,VIP
CUST002068,256825.24,9,VIP
CUST002069,103813.38,4,VIP
CUST002070,105831.97,6,VIP
CUST002071,40375.1,2,VIP
CUST002072,40111.58,2,VIP
CUST002073,197573.72,6,VIP
CUST002074,78144.32999999999,4,VIP
CUST002075,41104.04,3,VIP
CUST002077,135688.13,5,VIP
CUST002078,235952.63,9,VIP
CUST002079,192628.6,7,VIP
CUST002080,151216.88,5,VIP
CUST002081,95430.35,3,VIP
CUST002082,185816.08000000002,7,VIP
CUST002083,67939.9,3,VIP
CUST002084,83130.15,4,VIP
CUST002085,155637.52000000002,7,VIP
CUST002087,98465.19,5,VIP
CUST002088,129336.88999999998,6,VIP
CUST002089,52288.73,4,VIP
CUST002090,27363.45,1,VIP
CUST002091,166246.77,7,VIP
CUST002092,107614.81,4,VIP
CUST002093,151136.49,4,VIP
CUST002094,144998.0,6,VIP
CUST002095,69770.54000000001,2,VIP
CUST002096,146374.84,5,VIP
CUST002097,68130.62,2,VIP
CUST002098,125762.69,4,VIP
CUST002099,48762.53,2,VIP
CUST002100,60605.16,2,VIP
CUST002101,70438.96,3,VIP
CUST002102,148313.34999999998,5,VIP
CUST002103,56357.69,3,VIP
CUST002104,24356.96,1,VIP
CUST002105,249191.13,8,VIP
CUST002106,244637.4,11,VIP
CUST002107,32201.55,2,VIP
CUST002108,41005.31,1,VIP
CUST002109,66554.73999999999,3,VIP
CUST002110,31028.010000000002,2,VIP
CUST002111,37558.67,2,VIP
CUST002112,153282.76,4,VIP
CUST002113,24592.72,2,VIP
CUST002115,49345.82,3,VIP
CUST002116,129294.97,4,VIP
CUST002117,174867.15,6,VIP
CUST002118,18527.16,3,VIP
CUST002119,158886.56,5,VIP
CUST002120,142591.41,5,VIP
CUST002121,110681.53,4,VIP
CUST002122,151716.72,5,VIP
CUST002123,94022.64,3,VIP
CUST002124,119203.78,5,VIP
CUST002125,135434.49,5,VIP
CUST002126,111951.88,6,VIP
CUST002127,119605.47,4,VIP
CUST002128,230194.91,6,VIP
CUST002129,19801.81,1,VIP
CUST002130,107316.41,4,VIP
CUST002131,93674.11,6,VIP
CUST002132,87504.56,4,VIP
CUST002133,97879.7,2,VIP
CUST002135,41617.96000000001,3,VIP
CUST002136,90491.71,3,VIP
CUST002137,46549.329999999994,2,VIP
CUST002138,185105.27000000002,9,VIP
CUST002139,3562.94,1,High Value
CUST002140,20625.050000000003,2,VIP
CUST002141,63372.81999999999,2,VIP
CUST002142,204454.02,7,VIP
CUST002143,195070.24,7,VIP
CUST002144,46015.69,3,VIP
CUST002145,104760.98999999999,4,VIP
CUST002146,222709.84999999998,6,VIP
CUST002147,131420.74,7,VIP
CUST002148,172705.48,7,VIP
CUST002149,170911.91999999998,8,VIP
CUST002150,30943.02,1,VIP
CUST002151,49289.42,1,VIP
CUST002152,61648.200000000004,3,VIP
CUST002153,66477.40000000001,5,VIP
CUST002154,308173.69,8,VIP
CUST002155,187971.94,5,VIP
CUST002156,98986.70999999999,3,VIP
CUST002157,198329.42,7,VIP
CUST002158,210332.83000000002,7,VIP
CUST002159,49211.68,2,VIP
CUST002160,81789.23999999999,3,VIP
CUST002161,61032.71,5,VIP
CUST002162,81734.29000000001,2,VIP
CUST002163,194963.19,6,VIP
CUST002164,29150.77,2,VIP
CUST002165,22846.23,2,VIP
CUST002166,125296.6,6,VIP
CUST002167,145511.14,4,VIP
CUST002168,200667.95,6,VIP
CUST002169,10866.69,1,VIP
CUST002170,32810.31,1,VIP
CUST002171,177361.94,4,VIP
CUST002172,149346.08000000002,6,VIP
CUST002173,29290.08,2,VIP
CUST002174,170387.08000000002,8,VIP
CUST002175,96066.32999999999,4,VIP
CUST002176,132778.25,5,VIP
CUST002177,13802.91,3,VIP
CUST002178,118512.73999999999,8,VIP
CUST002179,24388.0,1,VIP
CUST002180,80342.65,4,VIP
CUST002181,45478.45,1,VIP
CUST002182,112250.73000000001,5,VIP
CUST002183,18162.71,2,VIP
CUST002184,111775.07,5,VIP
CUST002185,1469.64,1,Mid Value
CUST002186,138657.36,4,VIP
CUST002187,82864.43,3,VIP
CUST002188,46370.01,1,VIP
CUST002189,16074.54,2,VIP
CUST002190,194530.06,7,VIP
CUST002191,205367.34,6,VIP
CUST002192,102526.55,5,VIP
CUST002193,55584.380000000005,2,VIP
CUST002194,83342.97,2,VIP
CUST002195,125714.61000000002,5,VIP
CUST002196,90742.62,4,VIP
CUST002197,34270.72,5,VIP
CUST002198,81025.89,4,VIP
CUST002199,68412.83,3,VIP
CUST002200,97310.45,5,VIP
CUST002201,89765.29,4,VIP
CUST002202,151626.49000000002,5,VIP
CUST002203,286489.32,8,VIP
CUST002204,141858.55,6,VIP
CUST002205,105422.53,4,VIP
CUST002206,73732.91,3,VIP
CUST002207,130252.14,4,VIP
CUST002208,178959.03,6,VIP
CUST002209,37531.229999999996,2,VIP
CUST002210,27677.99,1,VIP
CUST002211,53507.13,2,VIP
CUST002212,89286.35,3,VIP
CUST002213,55292.16,3,VIP
CUST002214,121025.98999999999,5,VIP
CUST002215,81825.20999999999,2,VIP
CUST002216,130517.48999999999,4,VIP
CUST002217,96906.31,4,VIP
CUST002218,142985.46000000002,6,VIP
CUST002219,212153.55,9,VIP
CUST002220,202815.28,8,VIP
CUST002221,108511.4,5,VIP
CUST002222,84933.17000000001,2,VIP
CUST002223,22669.12,2,VIP
CUST002224,239894.85,8,VIP
CUST002225,61533.01,3,VIP
CUST002226,76049.96,4,VIP
CUST002227,37724.28,2,VIP
CUST002228,84935.16,4,VIP
CUST002229,81599.19,3,VIP
CUST002230,20499.2,2,VIP
CUST002231,28416.22,2,VIP
CUST002232,104579.45,3,VIP
CUST002233,137796.38,5,VIP
CUST002234,188508.47,6,VIP
CUST002235,67209.54000000001,2,VIP
CUST002236,70878.52,5,VIP
CUST002237,91297.09999999999,6,VIP
CUST002238,61085.9,3,VIP
CUST002239,80416.87,3,VIP
CUST002240,122334.34,6,VIP
CUST002241,86849.47,4,VIP
CUST002242,15363.740000000002,2,VIP
CUST002243,105824.41,4,VIP
CUST002244,77784.29000000001,3,VIP
CUST002245,131479.07,5,VIP
CUST002246,214602.39,7,VIP
CUST002247,11709.06,1,VIP
CUST002248,85051.34,5,VIP
CUST002249,93624.12000000001,3,VIP
CUST002250,46313.770000000004,2,VIP
CUST002251,103259.48999999999,3,VIP
CUST002252,60616.03999999999,3,VIP
CUST002253,149340.13,6,VIP
CUST002254,110824.51,8,VIP
CUST002255,131697.95,4,VIP
CUST002256,49599.81,2,VIP
CUST002257,110452.2,3,VIP
CUST002258,123150.68,4,VIP
CUST002259,116906.95999999999,4,VIP
CUST002260,24302.34,1,VIP
CUST002261,261955.56,11,VIP
CUST002262,138381.85,5,VIP
CUST002263,171789.56,7,VIP
CUST002264,62733.74,4,VIP
CUST002265,159531.98,6,VIP
CUST002266,97409.38,3,VIP
CUST002267,3208.48,1,High Value
CUST002268,145238.71,4,VIP
CUST002270,128181.98,5,VIP
CUST002271,42997.22,2,VIP
CUST002272,212660.86000000002,7,VIP
CUST002273,110466.66,3,VIP
CUST002274,197636.18,7,VIP
CUST002275,8864.66,2,VIP
CUST002276,85454.48000000001,2,VIP
CUST002277,52640.119999999995,2,VIP
CUST002278,43028.520000000004,2,VIP
CUST002279,104583.04000000001,3,VIP
CUST002280,57437.78,4,VIP
CUST002281,63799.33,4,VIP
CUST002282,133094.29,4,VIP
CUST002283,240810.87,8,VIP
CUST002284,103448.91,4,VIP
CUST002285,227713.99,10,VIP
CUST002286,76842.19,3,VIP
CUST002287,109231.21,4,VIP
CUST002288,114240.34,4,VIP
CUST002289,212450.56,6,VIP
CUST002290,41842.3,4,VIP
CUST002291,30891.77,1,VIP
CUST002292,54206.36,3,VIP
CUST002293,112412.48999999999,5,VIP
CUST002294,235635.41,10,VIP
CUST002295,25013.78,1,VIP
CUST002296,204326.24,7,VIP
CUST002297,104773.55,3,VIP
CUST002298,75316.03,3,VIP
CUST002299,151423.61,5,VIP
CUST002300,27711.219999999998,2,VIP
CUST002301,146362.96,5,VIP
CUST002302,113668.69,6,VIP
CUST002303,51810.770000000004,3,VIP
CUST002304,201455.88999999998,10,VIP
CUST002305,232032.36000000002,8,VIP
CUST002306,181239.02,8,VIP
CUST002307,76170.38,5,VIP
CUST002308,94300.49,5,VIP
CUST002309,137523.41,4,VIP
CUST002310,11270.35,1,VIP
CUST002311,141081.31,7,VIP
CUST002312,98403.73000000001,4,VIP
CUST002313,43131.1,2,VIP
CUST002314,258185.24,8,VIP
CUST002315,216703.97,9,VIP
CUST002316,64090.76,3,VIP
CUST002317,86642.75,4,VIP
CUST002318,175801.12,6,VIP
CUST002319,73138.14,2,VIP
CUST002320,100445.69,3,VIP
CUST002321,151206.44,7,VIP
CUST002322,49525.04,1,VIP
CUST002323,121694.3,6,VIP
CUST002324,22896.35,2,VIP
CUST002325,63066.490000000005,3,VIP
CUST002326,68168.94,2,VIP
CUST002327,96564.45,4,VIP
CUST002328,196570.11,7,VIP
CUST002329,98278.77,4,VIP
CUST002330,2932.13,1,High Value
CUST002331,61786.03,2,VIP
CUST002332,54506.5,3,VIP
CUST002333,151932.23,5,VIP
CUST002334,114933.48000000001,4,VIP
CUST002335,54828.97,4,VIP
CUST002336,86070.28,3,VIP
CUST002337,38673.04,2,VIP
CUST002338,92886.13,3,VIP
CUST002339,152231.8,6,VIP
CUST002340,73547.89,2,VIP
CUST002341,196709.08,6,VIP
CUST002342,68965.25,4,VIP
CUST002343,260633.3,8,VIP
CUST002344,49927.729999999996,2,VIP
CUST002345,29093.23,3,VIP
CUST002346,34995.07,1,VIP
CUST002347,105402.28,3,VIP
CUST002348,61527.32,3,VIP
CUST002349,193279.5,5,VIP
CUST002350,145026.93,6,VIP
CUST002351,241601.51,8,VIP
CUST002352,67553.13,3,VIP
CUST002353,112222.46,6,VIP
CUST002354,83369.09,5,VIP
CUST002355,31591.84,3,VIP
CUST002356,108929.85,5,VIP
CUST002357,29879.38,2,VIP
CUST002358,120136.75,7,VIP
CUST002359,141100.19,5,VIP
CUST002361,190111.2,5,VIP
CUST002362,128792.43000000001,4,VIP
CUST002363,78382.4,4,VIP
CUST002364,105743.75,4,VIP
CUST002365,114486.47,3,VIP
CUST002366,232069.0,8,VIP
CUST002367,26318.170000000002,2,VIP
CUST002368,93438.91,5,VIP
CUST002369,146780.49,5,VIP
CUST002370,148906.57,6,VIP
CUST002371,120838.43,8,VIP
CUST002372,5303.11,1,VIP
CUST002373,70928.28,3,VIP
CUST002374,137933.77000000002,4,VIP
CUST002375,52423.21,2,VIP
CUST002376,132206.49,5,VIP
CUST002377,31709.44,1,VIP
CUST002378,30794.96,1,VIP
CUST002379,137785.2,7,VIP
CUST002380,153552.8,6,VIP
CUST002381,150917.22,4,VIP
CUST002382,121121.23,6,VIP
CUST002383,38841.22,1,VIP
CUST002384,158196.01,6,VIP
CUST002385,201488.21,7,VIP
CUST002386,216805.34,7,VIP
CUST002387,47624.490000000005,2,VIP
CUST002388,64563.020000000004,3,VIP
CUST002389,284570.47,9,VIP
CUST002390,131972.24,4,VIP
CUST002391,155192.1,8,VIP
CUST002392,85803.58,3,VIP
CUST002393,106503.38,5,VIP
CUST002394,140325.81,5,VIP
CUST002395,89471.47,2,VIP
CUST002396,73437.9,4,VIP
CUST002397,15003.55,2,VIP
CUST002398,80096.42,5,VIP
CUST002399,42653.09,3,VIP
CUST002400,43921.35,2,VIP
CUST002401,77114.26000000001,4,VIP
CUST002402,90611.09000000001,3,VIP
CUST002403,147843.44,6,VIP
CUST002404,140877.47,4,VIP
CUST002405,31087.539999999997,4,VIP
CUST002406,197156.8,8,VIP
CUST002407,174469.12,7,VIP
CUST002408,75394.56,3,VIP
CUST002409,75488.44,3,VIP
CUST002410,49694.51,3,VIP
CUST002411,109970.23,4,VIP
CUST002412,203878.02000000002,7,VIP
CUST002413,170571.46,5,VIP
CUST002414,51370.96,3,VIP
CUST002415,39801.25,3,VIP
CUST002416,148927.38,6,VIP
CUST002417,95229.16,4,VIP
CUST002418,190257.66,8,VIP
CUST002419,121051.0,4,VIP
CUST002420,88172.28,2,VIP
CUST002421,52571.55,2,VIP
CUST002422,6639.1,1,VIP
CUST002423,84871.04999999999,4,VIP
CUST002424,139418.28,5,VIP
CUST002425,14358.41,2,VIP
CUST002426,127930.62,7,VIP
CUST002427,147795.16,4,VIP
CUST002428,165356.88,5,VIP
CUST002429,158646.28,7,VIP
CUST002430,36361.36,3,VIP
CUST002431,96480.57999999999,4,VIP
CUST002432,95917.69,5,VIP
CUST002433,75254.57,3,VIP
CUST002434,71827.84,4,VIP
CUST002435,20458.0,1,VIP
CUST002436,35730.04,3,VIP
CUST002437,136185.37,3,VIP
CUST002438,158731.72,5,VIP
CUST002439,139717.69999999998,7,VIP
CUST002440,83614.34,3,VIP
CUST002441,148792.06,6,VIP
CUST002442,156421.24,6,VIP
CUST002443,75834.20000000001,3,VIP
CUST002444,142486.55,6,VIP
CUST002445,107526.14,6,VIP
CUST002446,8000.1,1,VIP
CUST002447,57727.06,2,VIP
CUST002448,37289.94,2,VIP
CUST002449,122286.67,4,VIP
CUST002450,132391.16,4,VIP
CUST002451,75320.2,4,VIP
CUST002452,82125.66,4,VIP
CUST002453,22909.23,2,VIP
CUST002454,41790.94,3,VIP
CUST002455,133517.59999999998,4,VIP
CUST002456,115956.38,4,VIP
CUST002457,204559.91,6,VIP
CUST002458,49154.369999999995,2,VIP
CUST002459,128731.41,7,VIP
CUST002460,210272.43,9,VIP
CUST002461,85742.28,3,VIP
CUST002462,33010.020000000004,3,VIP
CUST002463,124556.54000000001,6,VIP
CUST002464,116422.75,6,VIP
CUST002465,103026.44,4,VIP
CUST002466,18687.01,1,VIP
CUST002467,96940.0,3,VIP
CUST002468,127383.20999999999,5,VIP
CUST002469,129497.78,3,VIP
CUST002470,41503.44,3,VIP
CUST002471,93024.63999999998,4,VIP
CUST002472,162221.07,6,VIP
CUST002473,125621.4,3,VIP
CUST002474,148012.62,6,VIP
CUST002475,91972.08,5,VIP
CUST002476,77731.86,3,VIP
CUST002477,209825.89,7,VIP
CUST002478,111712.6,6,VIP
CUST002479,97061.61,4,VIP
CUST002480,80279.28,3,VIP
CUST002481,172181.43,5,VIP
CUST002482,152717.44,7,VIP
CUST002483,55846.66,3,VIP
CUST002484,185869.4,5,VIP
CUST002485,114329.95,5,VIP
CUST002486,32309.57,1,VIP
CUST002487,130377.34,5,VIP
CUST002488,60664.82,3,VIP
CUST002489,146713.88,5,VIP
CUST002490,12079.83,2,VIP
CUST002491,137524.1,4,VIP
CUST002492,55348.770000000004,3,VIP
CUST002493,102226.35,4,VIP
CUST002494,172724.27000000002,7,VIP
CUST002495,69959.89,3,VIP
CUST002496,65261.94,4,VIP
CUST002497,110721.12999999999,4,VIP
CUST002498,93714.07,2,VIP
CUST002499,65344.55,3,VIP
CUST002500,190375.91999999998,6,VIP
CUST002501,25052.48,2,VIP
CUST002502,41641.03,1,VIP
CUST002503,30910.1,4,VIP
CUST002504,108987.12,4,VIP
CUST002505,66249.29,3,VIP
CUST002506,89439.72,4,VIP
CUST002507,68661.92,3,VIP
CUST002508,37460.369999999995,2,VIP
CUST002509,37742.56,5,VIP
CUST002510,84739.99,4,VIP
CUST002511,78569.16,2,VIP
CUST002512,50812.409999999996,2,VIP
CUST002513,43043.73,3,VIP
CUST002514,141268.65,5,VIP
CUST002515,83656.23000000001,4,VIP
CUST002516,195254.18,8,VIP
CUST002517,157954.16,6,VIP
CUST002518,117040.23999999999,6,VIP
CUST002519,169852.06,8,VIP
CUST002520,87356.07,6,VIP
CUST002521,102833.85,5,VIP
CUST002522,91598.88,2,VIP
CUST002523,94167.26000000001,6,VIP
CUST002524,96158.31999999999,3,VIP
CUST002525,168476.23,6,VIP
CUST002526,136305.24,5,VIP
CUST002527,223046.52000000002,8,VIP
CUST002528,114757.63999999998,5,VIP
CUST002529,47653.15,1,VIP
CUST002530,170906.41999999998,5,VIP
CUST002531,174504.02000000002,7,VIP
CUST002532,81600.60999999999,3,VIP
CUST002533,103515.45000000001,5,VIP
CUST002534,74275.41,5,VIP
CUST002535,41082.11,4,VIP
CUST002537,163322.59999999998,5,VIP
CUST002538,77312.97,3,VIP
CUST002539,82493.43,4,VIP
CUST002540,178014.31,6,VIP
CUST002541,39378.24,1,VIP
CUST002542,75095.35,3,VIP
CUST002543,154592.29,5,VIP
CUST002544,98737.07999999999,3,VIP
CUST002545,68228.6,3,VIP
CUST002546,81759.61,7,VIP
CUST002547,56487.35,3,VIP
CUST002548,66559.59,2,VIP
CUST002549,101994.85,4,VIP
CUST002550,117868.93000000001,5,VIP
CUST002551,130963.43000000001,4,VIP
CUST002552,106120.19,4,VIP
CUST002553,74795.55,3,VIP
CUST002554,176298.3,6,VIP
CUST002555,42142.369999999995,4,VIP
CUST002556,174588.66999999998,5,VIP
CUST002557,112607.95,4,VIP
CUST002558,76217.36,3,VIP
CUST002559,61201.74,5,VIP
CUST002560,200617.96,10,VIP
CUST002561,130839.95999999999,5,VIP
CUST002562,76588.32,4,VIP
CUST002563,101295.1,3,VIP
CUST002564,47676.07,1,VIP
CUST002565,80412.19,3,VIP
CUST002566,115066.03,4,VIP
CUST002567,94993.03,4,VIP
CUST002568,101339.98,4,VIP
CUST002569,57271.020000000004,2,VIP
CUST002570,76469.14,3,VIP
CUST002571,153384.57,6,VIP
CUST002572,66535.72,4,VIP
CUST002573,129351.42,3,VIP
CUST002574,92332.37,3,VIP
CUST002575,76573.63,2,VIP
CUST002576,43191.03,3,VIP
CUST002577,227198.25,7,VIP
CUST002578,142771.97,4,VIP
CUST002579,141281.37,6,VIP
CUST002580,92827.87,3,VIP
CUST002581,183863.76,9,VIP
CUST002582,57680.87,3,VIP
CUST002583,89407.58,4,VIP
CUST002584,128599.26,5,VIP
CUST002585,36715.94,2,VIP
CUST002586,68792.85,2,VIP
CUST002587,278817.82,10,VIP
CUST002588,195877.45,6,VIP
CUST002589,146307.24,6,VIP
CUST002590,56284.96,2,VIP
CUST002591,164985.35,4,VIP
CUST002592,45747.62,2,VIP
CUST002593,264740.34,10,VIP
CUST002594,171353.22999999998,7,VIP
CUST002595,99237.22,3,VIP
CUST002596,6844.52,1,VIP
CUST002598,84717.81,2,VIP
CUST002599,32876.28,3,VIP
CUST002600,27447.289999999997,2,VIP
CUST002601,34659.47,3,VIP
CUST002602,145338.51,6,VIP
CUST002603,136017.8,5,VIP
CUST002604,78069.79,3,VIP
CUST002605,191025.84,6,VIP
CUST002606,123540.64,5,VIP
CUST002607,93003.25,3,VIP
CUST002608,72596.06999999999,4,VIP
CUST002609,170692.57,6,VIP
CUST002610,126764.61,6,VIP
CUST002611,121615.43,4,VIP
CUST002612,69072.19,5,VIP
CUST002613,57039.67999999999,2,VIP
CUST002614,172679.66999999998,6,VIP
CUST002615,14583.08,3,VIP
CUST002616,61260.3,2,VIP
CUST002617,137100.04,3,VIP
CUST002618,65398.100000000006,3,VIP
CUST002619,13479.64,1,VIP
CUST002621,32846.9,2,VIP
CUST002622,25887.94,5,VIP
CUST002623,123947.51999999999,7,VIP
CUST002624,198463.31,9,VIP
CUST002625,57501.630000000005,3,VIP
CUST002626,66138.15,3,VIP
CUST002627,41074.990000000005,2,VIP
CUST002628,88580.13,4,VIP
CUST002629,302071.06,8,VIP
CUST002630,105330.74,3,VIP
CUST002631,48661.340000000004,2,VIP
CUST002632,23942.17,1,VIP
CUST002633,40032.0,5,VIP
CUST002634,189781.14,6,VIP
CUST002635,125569.07999999999,4,VIP
CUST002636,54053.229999999996,3,VIP
CUST002637,144032.57,5,VIP
CUST002638,214238.6,11,VIP
CUST002639,64435.35,5,VIP
CUST002640,120060.86,6,VIP
CUST002641,94671.64,4,VIP
CUST002642,36927.27,1,VIP
CUST002643,137087.57,6,VIP
CUST002644,88252.42,4,VIP
CUST002645,179458.11,5,VIP
CUST002646,40192.11,1,VIP
CUST002647,145914.94,5,VIP
CUST002648,131482.78,4,VIP
CUST002649,84332.43,3,VIP
CUST002650,84103.51,2,VIP
CUST002651,56243.78,2,VIP
CUST002652,106268.58,4,VIP
CUST002653,215740.19,6,VIP
CUST002654,59278.99,3,VIP
CUST002655,73506.82,4,VIP
CUST002656,53116.82,3,VIP
CUST002657,36912.61,2,VIP
CUST002658,146131.89,5,VIP
CUST002659,253491.81,10,VIP
CUST002660,111407.85,6,VIP
CUST002661,67581.93,4,VIP
CUST002662,116456.22,4,VIP
CUST002663,112584.23000000001,4,VIP
CUST002664,95740.41,4,VIP
CUST002665,89118.81,4,VIP
CUST002666,71547.15,5,VIP
CUST002667,214327.83000000002,7,VIP
CUST002668,104459.62,4,VIP
CUST002669,63483.97,3,VIP
CUST002670,78296.84,3,VIP
CUST002671,50320.79,2,VIP
CUST002672,111467.53,5,VIP
CUST002673,46971.46,2,VIP
CUST002674,164543.56,5,VIP
CUST002675,100847.76,4,VIP
CUST002676,112098.68,4,VIP
CUST002677,133220.8,4,VIP
CUST002678,77034.39000000001,4,VIP
CUST002680,120498.49,4,VIP
CUST002681,67157.26,5,VIP
CUST002682,144031.39,6,VIP
CUST002683,147030.44,4,VIP
CUST002684,24013.95,2,VIP
CUST002685,158567.02,6,VIP
CUST002686,113610.83,6,VIP
CUST002687,81546.29000000001,3,VIP
CUST002689,84474.91,3,VIP
CUST002690,131943.24,5,VIP
CUST002691,120970.68,6,VIP
CUST002692,116203.49,5,VIP
CUST002693,20075.1,1,VIP
CUST002694,131666.77000000002,4,VIP
CUST002695,63008.76,3,VIP
CUST002696,175058.19,6,VIP
CUST002697,154085.41,5,VIP
CUST002698,228631.38,7,VIP
CUST002699,52020.19,3,VIP
CUST002700,99028.66,3,VIP
CUST002701,96433.31999999999,5,VIP
CUST002702,207927.56,7,VIP
CUST002703,45741.84,1,VIP
CUST002704,130774.45,5,VIP
CUST002705,84100.95999999999,4,VIP
CUST002706,2041.42,2,High Value
CUST002707,119686.8,5,VIP
CUST002708,100315.41,5,VIP
CUST002709,142946.06,4,VIP
CUST002710,222500.52,7,VIP
CUST002711,539.57,1,Mid Value
CUST002714,96975.63,7,VIP
CUST002715,189251.64,7,VIP
CUST002716,146253.47999999998,7,VIP
CUST002717,123877.73,5,VIP
CUST002718,181132.09,6,VIP
CUST002719,148085.37,4,VIP
CUST002720,186889.51,6,VIP
CUST002721,119030.11,5,VIP
CUST002722,49242.28,3,VIP
CUST002723,72924.62,2,VIP
CUST002724,22973.16,1,VIP
CUST002725,34781.39,2,VIP
CUST002726,121272.92,5,VIP
CUST002727,136274.83000000002,4,VIP
CUST002728,147632.78999999998,5,VIP
CUST002729,60346.27,3,VIP
CUST002730,97008.03,5,VIP
CUST002731,66325.15,3,VIP
CUST002732,79819.61,5,VIP
CUST002733,49696.25,1,VIP
CUST002734,82172.38,5,VIP
CUST002735,102672.75,4,VIP
CUST002736,138284.78999999998,7,VIP
CUST002737,142720.01,8,VIP
CUST002738,98406.47,3,VIP
CUST002739,138598.8,4,VIP
CUST002740,67717.23,3,VIP
CUST002741,39184.84,1,VIP
CUST002742,152328.71000000002,5,VIP
CUST002743,11001.14,2,VIP
CUST002744,183996.38,7,VIP
CUST002745,33608.34,2,VIP
CUST002746,122242.24,4,VIP
CUST002747,93057.45999999999,3,VIP
CUST002748,124455.01999999999,4,VIP
CUST002749,139068.29,3,VIP
CUST002750,57260.05,3,VIP
CUST002751,190538.85,5,VIP
CUST002752,118864.20999999999,5,VIP
CUST002753,98498.41,5,VIP
CUST002754,90165.23999999999,3,VIP
CUST002755,74041.01999999999,3,VIP
CUST002756,31016.47,2,VIP
CUST002757,32091.84,3,VIP
CUST002758,86016.45,3,VIP
CUST002759,172034.86,5,VIP
CUST002760,97982.98999999999,3,VIP
CUST002761,116419.36,4,VIP
CUST002762,73456.98999999999,3,VIP
CUST002763,97621.46,4,VIP
CUST002764,50598.979999999996,2,VIP
CUST002765,66585.47,3,VIP
CUST002766,44262.94,5,VIP
CUST002767,197628.06,7,VIP
CUST002768,134879.24,7,VIP
CUST002769,63155.86,3,VIP
CUST002770,19446.489999999998,2,VIP
CUST002771,229651.56,6,VIP
CUST002772,64026.96000000001,3,VIP
CUST002773,116704.13,6,VIP
CUST002774,73029.98000000001,2,VIP
CUST002775,257921.38,11,VIP
CUST002776,8006.92,1,VIP
CUST002777,143970.48,6,VIP
CUST002778,126669.56,4,VIP
CUST002779,133864.4,4,VIP
CUST002780,126364.92,6,VIP
CUST002781,84211.55,4,VIP
CUST002782,130699.15,4,VIP
CUST002783,67464.75,2,VIP
CUST002784,25437.4,2,VIP
CUST002785,265434.17,8,VIP
CUST002786,124777.65,6,VIP
CUST002787,130006.95999999999,4,VIP
CUST002788,50389.22,2,VIP
CUST002789,119038.75,5,VIP
CUST002790,189311.03,7,VIP
CUST002791,11321.89,1,VIP
CUST002792,229427.26,7,VIP
CUST002793,178968.77,6,VIP
CUST002794,47086.33,1,VIP
CUST002795,159611.78,7,VIP
CUST002796,177580.22999999998,5,VIP
CUST002797,177542.52,6,VIP
CUST002798,155480.91,6,VIP
CUST002799,126339.82,5,VIP
CUST002800,31854.77,2,VIP
CUST002801,41164.7,3,VIP
CUST002802,59074.6,3,VIP
CUST002803,103593.67,6,VIP
CUST002804,52781.5,3,VIP
CUST002805,73423.18,3,VIP
CUST002806,158580.03,8,VIP
CUST002807,166502.74,7,VIP
CUST002808,101496.89,4,VIP
CUST002809,50086.729999999996,3,VIP
CUST002810,130138.32999999999,4,VIP
CUST002811,86694.54999999999,3,VIP
CUST002812,15225.54,1,VIP
CUST002813,35704.47,2,VIP
CUST002814,64162.91,3,VIP
CUST002815,117944.38,6,VIP
CUST002816,76706.86,4,VIP
CUST002817,109156.84,5,VIP
CUST002818,147480.86000000002,6,VIP
CUST002819,17244.72,2,VIP
CUST002820,157609.73,6,VIP
CUST002821,53681.19,2,VIP
CUST002822,92133.09,4,VIP
CUST002823,60735.89,2,VIP
CUST002824,91176.59,4,VIP
CUST002825,100951.68,4,VIP
CUST002826,170559.61,7,VIP
CUST002827,68901.16,4,VIP
CUST002828,76247.3,5,VIP
CUST002829,74227.8,4,VIP
CUST002830,148547.35,6,VIP
CUST002831,41641.57,2,VIP
CUST002832,81090.34,2,VIP
CUST002833,112769.41,3,VIP
CUST002834,145896.62,5,VIP
CUST002835,81672.75,4,VIP
CUST002836,39660.65,2,VIP
CUST002837,98117.24,3,VIP
CUST002838,111952.22,4,VIP
CUST002839,106254.86,4,VIP
CUST002840,127659.12,8,VIP
CUST002841,138584.74,6,VIP
CUST002842,38068.19,1,VIP
CUST002843,32903.04,2,VIP
CUST002844,90162.42,2,VIP
CUST002845,137354.11000000002,4,VIP
CUST002846,245897.8,9,VIP
CUST002847,64744.630000000005,4,VIP
CUST002848,71202.49,4,VIP
CUST002849,100715.79000000001,5,VIP
CUST002850,74771.09,2,VIP
CUST002851,121537.43000000001,3,VIP
CUST002852,74464.48999999999,2,VIP
CUST002853,32432.56,1,VIP
CUST002855,70253.59,2,VIP
CUST002856,76914.38,3,VIP
CUST002857,105885.51999999999,3,VIP
CUST002858,82402.92,4,VIP
CUST002859,99264.07,4,VIP
CUST002860,182060.13,7,VIP
CUST002861,55488.32,3,VIP
CUST002862,149866.85,6,VIP
CUST002863,55257.96000000001,5,VIP
CUST002864,83906.06,4,VIP
CUST002865,181972.68,6,VIP
CUST002866,132348.06,4,VIP
CUST002867,98261.19,4,VIP
CUST002868,63407.52,4,VIP
CUST002869,45597.58,4,VIP
CUST002870,64201.91,3,VIP
CUST002871,114546.02,3,VIP
CUST002872,31548.19,1,VIP
CUST002873,87611.15,2,VIP
CUST002874,126680.17,4,VIP
CUST002875,148798.3,9,VIP
CUST002876,82713.56,4,VIP
CUST002877,82269.03,3,VIP
CUST002878,77551.2,2,VIP
CUST002879,46967.6,5,VIP
CUST002880,148025.87,4,VIP
CUST002881,177529.91999999998,7,VIP
CUST002882,96865.19,8,VIP
CUST002883,130586.17,5,VIP
CUST002884,258626.61,7,VIP
CUST002885,127001.41,4,VIP
CUST002886,86747.16,4,VIP
CUST002887,99776.08,3,VIP
CUST002888,64749.45,3,VIP
CUST002889,157295.83,5,VIP
CUST002890,180054.41,6,VIP
CUST002891,53315.520000000004,3,VIP
CUST002892,90086.24,3,VIP
CUST002893,108989.8,3,VIP
CUST002894,181114.99,5,VIP
CUST002895,228256.12,7,VIP
CUST002896,47685.37,5,VIP
CUST002897,162216.95,8,VIP
CUST002898,123371.14,7,VIP
CUST002899,128005.07999999999,6,VIP
CUST002900,103128.31,4,VIP
CUST002901,102136.88,4,VIP
CUST002902,22775.2,2,VIP
CUST002903,160327.06,7,VIP
CUST002904,47092.08,2,VIP
CUST002905,46934.009999999995,2,VIP
CUST002906,74924.98,4,VIP
CUST002907,166981.22,7,VIP
CUST002908,89272.70999999999,4,VIP
CUST002909,53212.51,3,VIP
CUST002910,128516.38,5,VIP
CUST002911,132491.34,6,VIP
CUST002912,169467.17,8,VIP
CUST002913,80421.9,2,VIP
CUST002914,70940.18999999999,3,VIP
CUST002915,59144.53,2,VIP
CUST002916,69987.1,2,VIP
CUST002917,136619.61,3,VIP
CUST002918,97442.99,3,VIP
CUST002919,229247.34,7,VIP
CUST002920,146378.83000000002,5,VIP
CUST002921,201602.21,7,VIP
CUST002922,109567.95999999999,4,VIP
CUST002923,12602.51,2,VIP
CUST002924,32813.64,2,VIP
CUST002925,77462.48,4,VIP
CUST002926,148541.89,5,VIP
CUST002927,79025.66,5,VIP
CUST002928,51979.740000000005,2,VIP
CUST002929,41815.59,1,VIP
CUST002930,146396.79,5,VIP
CUST002931,173191.71,5,VIP
CUST002932,205956.79,6,VIP
CUST002933,141270.52000000002,6,VIP
CUST002934,113235.1,3,VIP
CUST002935,101384.84,4,VIP
CUST002936,109881.6,4,VIP
CUST002937,75243.8,2,VIP
CUST002938,31728.0,2,VIP
CUST002939,123406.06,4,VIP
CUST002940,106405.0,4,VIP
CUST002941,22660.9,1,VIP
CUST002942,77987.94,4,VIP
CUST002943,47949.41,2,VIP
CUST002944,69766.12,2,VIP
CUST002945,101114.72,4,VIP
CUST002946,135746.07,7,VIP
CUST002947,47207.62,2,VIP
CUST002948,90780.13,4,VIP
CUST002949,120161.72,4,VIP
CUST002950,79475.24,3,VIP
CUST002951,110762.47,5,VIP
CUST002952,186976.28,7,VIP
CUST002953,145231.1,6,VIP
CUST002954,108118.09,3,VIP
CUST002955,76517.21,3,VIP
CUST002956,71017.51,4,VIP
CUST002957,184867.09,7,VIP
CUST002958,96067.77,4,VIP
CUST002959,117063.98999999999,5,VIP
CUST002960,127052.15,6,VIP
CUST002961,44947.3,1,VIP
CUST002962,156741.43,5,VIP
CUST002963,49948.34,1,VIP
CUST002964,148860.01,4,VIP
CUST002965,105049.24,4,VIP
CUST002966,77794.64,4,VIP
CUST002967,146651.77,6,VIP
CUST002968,62357.07000000001,3,VIP
CUST002969,42565.33,1,VIP
CUST002970,124582.45999999999,6,VIP
CUST002971,153725.0,5,VIP
CUST002972,139523.44999999998,6,VIP
CUST002973,53164.5,2,VIP
CUST002974,74044.46,2,VIP
CUST002975,39325.83,2,VIP
CUST002976,74513.45999999999,3,VIP
CUST002977,36632.130000000005,2,VIP
CUST002978,80711.9,3,VIP
CUST002980,36996.46,1,VIP
CUST002981,113298.48000000001,3,VIP
CUST002982,150386.22999999998,4,VIP
CUST002983,23934.07,1,VIP
CUST002984,157820.12,5,VIP
CUST002985,160372.02000000002,6,VIP
CUST002986,37024.4,1,VIP
CUST002987,130049.15000000001,4,VIP
CUST002988,247601.74,7,VIP
CUST002989,98198.18,4,VIP
CUST002990,124515.23999999999,4,VIP
CUST002991,193222.03,8,VIP
CUST002992,122553.26,5,VIP
CUST002993,96108.16,3,VIP
CUST002994,268276.61,9,VIP
CUST002995,10821.16,1,VIP
CUST002996,100217.34,5,VIP
CUST002997,81420.89,4,VIP
CUST002998,37827.259999999995,2,VIP
CUST002999,143284.45,7,VIP
CUST003000,85790.04000000001,6,VIP
CUST003001,64755.06,2,VIP
CUST003002,121030.26,5,VIP
CUST003003,65914.52,2,VIP
CUST003004,117880.84,4,VIP
CUST003005,19693.22,1,VIP
CUST003006,82409.82,4,VIP
CUST003007,109936.26,4,VIP
CUST003008,104653.69,4,VIP
CUST003009,74127.04,2,VIP
CUST003010,128202.89000000001,5,VIP
CUST003011,192751.06,6,VIP
CUST003012,127099.41,6,VIP
CUST003013,133475.6,5,VIP
CUST003014,148567.71000000002,4,VIP
CUST003015,136864.08000000002,7,VIP
CUST003016,97906.72,4,VIP
CUST003017,42766.45,1,VIP
CUST003018,6070.6900000000005,2,VIP
CUST003019,82394.21,3,VIP
CUST003020,40865.62,1,VIP
CUST003021,33074.98,2,VIP
CUST003022,2062.65,1,High Value
CUST003023,109759.76999999999,4,VIP
CUST003024,184253.45,8,VIP
CUST003025,255416.77,7,VIP
CUST003026,44169.23,3,VIP
CUST003027,165112.74,8,VIP
CUST003028,42974.67,3,VIP
CUST003029,143994.66999999998,7,VIP
CUST003030,91348.61,6,VIP
CUST003031,120146.01000000001,3,VIP
CUST003032,209292.6,6,VIP
CUST003033,118089.95999999999,6,VIP
CUST003034,223234.0,9,VIP
CUST003035,66162.09,4,VIP
CUST003036,104770.66,4,VIP
CUST003037,5921.43,1,VIP
CUST003038,9883.11,1,VIP
CUST003039,106108.34999999999,3,VIP
CUST003040,122783.9,6,VIP
CUST003041,97579.72,5,VIP
CUST003042,31279.36,3,VIP
CUST003043,56684.26,4,VIP
CUST003044,213359.65,10,VIP
CUST003045,14805.580000000002,3,VIP
CUST003046,43382.67,3,VIP
CUST003047,54806.770000000004,3,VIP
CUST003048,71326.79000000001,3,VIP
CUST003049,92254.2,6,VIP
CUST003050,139407.11000000002,6,VIP
CUST003051,77410.36,4,VIP
CUST003052,125026.47,5,VIP
CUST003053,23036.54,3,VIP
CUST003054,47611.920000000006,2,VIP
CUST003055,185832.91999999998,5,VIP
CUST003056,191167.55,7,VIP
CUST003057,68947.29000000001,3,VIP
CUST003058,176445.15,8,VIP
CUST003059,97878.44,3,VIP
CUST003060,206877.78999999998,7,VIP
CUST003061,163479.62,4,VIP
CUST003062,52555.62,2,VIP
CUST003063,118848.43,5,VIP
CUST003064,83172.59,3,VIP
CUST003065,143217.18,5,VIP
CUST003066,26568.19,1,VIP
CUST003067,24318.08,2,VIP
CUST003068,123852.08,3,VIP
CUST003069,166733.9,6,VIP
CUST003070,95309.48,4,VIP
CUST003071,103491.23,4,VIP
CUST003072,28365.63,1,VIP
CUST003073,70312.95,2,VIP
CUST003074,84873.9,3,VIP
CUST003075,117964.51000000001,6,VIP
CUST003076,38791.24,2,VIP
CUST003077,74101.9,2,VIP
CUST003078,173940.68,6,VIP
CUST003079,81553.4,3,VIP
CUST003080,87998.56,3,VIP
CUST003081,218416.64,6,VIP
CUST003082,199995.24,6,VIP
CUST003083,147178.34,6,VIP
CUST003084,106967.32,4,VIP
CUST003085,186031.85,5,VIP
CUST003086,118818.35,5,VIP
CUST003087,75104.57,2,VIP
CUST003088,45446.73,2,VIP
CUST003089,9017.04,1,VIP
CUST003090,75541.85,4,VIP
CUST003091,183247.01,7,VIP
CUST003092,110714.59000000001,4,VIP
CUST003093,95246.56,4,VIP
CUST003094,122280.35,6,VIP
CUST003095,181855.49000000002,8,VIP
CUST003096,63680.95,3,VIP
CUST003097,77135.68,3,VIP
CUST003098,149518.79,7,VIP
CUST003099,71268.6,3,VIP
CUST003100,105946.28,4,VIP
CUST003102,46380.07,1,VIP
CUST003103,126887.88,5,VIP
CUST003105,75961.97,4,VIP
CUST003106,107065.14,5,VIP
CUST003107,182071.75999999998,8,VIP
CUST003108,160619.02000000002,7,VIP
CUST003109,99368.4,3,VIP
CUST003110,126289.19,6,VIP
CUST003111,232220.72,10,VIP
CUST003112,97000.20999999999,3,VIP
CUST003113,131277.94,5,VIP
CUST003114,83169.9,3,VIP
CUST003115,47835.909999999996,2,VIP
CUST003116,144821.68,8,VIP
CUST003117,81515.06,3,VIP
CUST003118,14114.970000000001,2,VIP
CUST003119,36428.75,2,VIP
CUST003120,109265.12,5,VIP
CUST003121,47737.05,4,VIP
CUST003122,52773.66,2,VIP
CUST003123,156435.97,5,VIP
CUST003124,115388.28,5,VIP
CUST003125,178078.16,5,VIP
CUST003126,76818.0,4,VIP
CUST003127,36340.73,2,VIP
CUST003128,87931.54999999999,4,VIP
CUST003129,172133.71,7,VIP
CUST003130,75899.16,6,VIP
CUST003131,113696.57,6,VIP
CUST003132,169315.06,9,VIP
CUST003133,107234.34,6,VIP
CUST003134,160538.82,5,VIP
CUST003136,119207.45,4,VIP
CUST003137,62245.29,4,VIP
CUST003138,84635.64,3,VIP
CUST003139,20251.09,2,VIP
CUST003140,137502.61,7,VIP
CUST003141,61052.6,3,VIP
CUST003142,139309.87,5,VIP
CUST003143,35521.99,1,VIP
CUST003144,211227.28999999998,8,VIP
CUST003145,51431.05,2,VIP
CUST003146,60681.18,3,VIP
CUST003147,25152.62,1,VIP
CUST003148,10341.61,1,VIP
CUST003149,85490.55,3,VIP
CUST003150,115949.54000000001,4,VIP
CUST003151,67460.42,4,VIP
CUST003152,89395.13,3,VIP
CUST003153,103720.6,5,VIP
CUST003154,148290.01,5,VIP
CUST003155,71511.48,3,VIP
CUST003156,77411.23,4,VIP
CUST003157,57233.79,3,VIP
CUST003158,154170.76,8,VIP
CUST003159,140516.01,4,VIP
CUST003160,139609.66999999998,4,VIP
CUST003161,141961.41,5,VIP
CUST003162,6832.03,2,VIP
CUST003163,65040.45,3,VIP
CUST003164,115479.68,5,VIP
CUST003165,152838.84,6,VIP
CUST003166,190085.75,6,VIP
CUST003167,154340.9,5,VIP
CUST003168,89523.05,3,VIP
CUST003169,163049.56,7,VIP
CUST003170,148562.94,5,VIP
CUST003171,76009.63,4,VIP
CUST003172,65702.22,2,VIP
CUST003173,144379.16999999998,6,VIP
CUST003174,140055.55,6,VIP
CUST003175,61586.08,4,VIP
CUST003176,123930.54000000001,7,VIP
CUST003177,98498.39,4,VIP
CUST003178,74808.78,2,VIP
CUST003179,76904.13,5,VIP
CUST003180,87447.26999999999,5,VIP
CUST003181,98962.91,5,VIP
CUST003182,234920.41,9,VIP
CUST003183,106219.97,3,VIP
CUST003184,69922.13,2,VIP
CUST003185,71455.44,2,VIP
CUST003186,59981.43,3,VIP
CUST003187,77269.64,5,VIP
CUST003188,100272.51,7,VIP
CUST003189,104831.87,5,VIP
CUST003190,67844.63,5,VIP
CUST003191,141087.91,5,VIP
CUST003192,54264.67,3,VIP
CUST003193,145131.84,6,VIP
CUST003194,25593.0,2,VIP
CUST003195,131296.91,5,VIP
CUST003196,54833.270000000004,2,VIP
CUST003197,113177.31,4,VIP
CUST003198,280272.36,8,VIP
CUST003199,77774.7,3,VIP
CUST003200,82271.22,6,VIP
CUST003201,101828.0,6,VIP
CUST003202,63456.67,3,VIP
CUST003203,77433.77,3,VIP
CUST003204,101829.69,3,VIP
CUST003205,215374.61,7,VIP
CUST003206,87435.66,4,VIP
CUST003207,63503.15,2,VIP
CUST003208,295360.66,10,VIP
CUST003209,38649.69,3,VIP
CUST003210,155347.41,8,VIP
CUST003211,94405.18,3,VIP
CUST003212,96370.29,3,VIP
CUST003213,59658.1,3,VIP
CUST003214,50665.520000000004,2,VIP
CUST003215,91736.39,4,VIP
CUST003217,78801.51000000001,3,VIP
CUST003218,40976.92,2,VIP
CUST003219,103295.95999999999,5,VIP
CUST003221,137607.35,5,VIP
CUST003222,175198.67,5,VIP
CUST003223,40329.97,2,VIP
CUST003224,8835.9,1,VIP
CUST003225,161824.82,5,VIP
CUST003226,82289.98999999999,3,VIP
CUST003227,65874.89,4,VIP
CUST003228,76900.62,2,VIP
CUST003229,152804.75,8,VIP
CUST003230,60070.21,4,VIP
CUST003231,158112.47,5,VIP
CUST003232,235200.73,8,VIP
CUST003233,64563.670000000006,5,VIP
CUST003234,91467.07,3,VIP
CUST003235,154685.12,7,VIP
CUST003236,120654.72,4,VIP
CUST003237,64531.01,3,VIP
CUST003238,109728.20999999999,4,VIP
CUST003239,155885.36,5,VIP
CUST003240,105373.53,4,VIP
CUST003241,70580.02,3,VIP
CUST003242,64903.71,2,VIP
CUST003243,17136.73,3,VIP
CUST003244,78790.73000000001,2,VIP
CUST003245,48178.04,3,VIP
CUST003246,106855.51000000001,4,VIP
CUST003247,121165.9,3,VIP
CUST003248,17547.73,1,VIP
CUST003249,138796.92,5,VIP
CUST003250,108124.75,4,VIP
CUST003251,371331.07,13,VIP
CUST003252,23002.07,1,VIP
CUST003253,130991.25,5,VIP
CUST003254,137660.51,5,VIP
CUST003255,65727.27,4,VIP
CUST003256,42876.95,1,VIP
CUST003257,30275.74,1,VIP
CUST003258,75333.45000000001,3,VIP
CUST003259,89660.54,3,VIP
CUST003260,258456.15000000002,8,VIP
CUST003262,38810.69,4,VIP
CUST003263,108036.25,5,VIP
CUST003264,177515.27000000002,5,VIP
CUST003265,86265.87,6,VIP
CUST003266,259150.8,8,VIP
CUST003267,17462.61,2,VIP
CUST003268,31862.370000000003,5,VIP
CUST003269,90252.22,2,VIP
CUST003270,33674.45,3,VIP
CUST003271,162182.8,5,VIP
CUST003272,138777.05,7,VIP
CUST003274,146235.18,7,VIP
CUST003275,36879.57,2,VIP
CUST003276,38723.11,2,VIP
CUST003277,86864.26000000001,4,VIP
CUST003278,168329.5,5,VIP
CUST003279,83622.53,5,VIP
CUST003280,35822.92,2,VIP
CUST003281,81264.16,4,VIP
CUST003282,204129.68,7,VIP
CUST003283,81165.23999999999,2,VIP
CUST003284,132552.16,4,VIP
CUST003285,95062.31,5,VIP
CUST003286,68615.73000000001,2,VIP
CUST003287,137255.37,4,VIP
CUST003288,148348.28,4,VIP
CUST003289,49282.54,2,VIP
CUST003291,57128.740000000005,3,VIP
CUST003292,129734.4,5,VIP
CUST003293,200519.5,6,VIP
CUST003294,127366.70999999999,6,VIP
CUST003295,120448.31,5,VIP
CUST003296,185014.41,7,VIP
CUST003297,82997.5,3,VIP
CUST003298,106762.02,5,VIP
CUST003299,37711.45,1,VIP
CUST003300,94369.09,3,VIP
CUST003301,61163.72,3,VIP
CUST003302,100017.13,5,VIP
CUST003303,179876.27,8,VIP
CUST003304,106908.82999999999,4,VIP
CUST003305,91510.66,2,VIP
CUST003306,88519.7,5,VIP
CUST003307,171040.22,6,VIP
CUST003308,38797.02,1,VIP
CUST003309,18041.69,1,VIP
CUST003310,83870.38,3,VIP
CUST003311,81988.5,3,VIP
CUST003312,66593.23000000001,2,VIP
CUST003313,1324.77,1,Mid Value
CUST003314,70748.19,2,VIP
CUST003315,101453.2,5,VIP
CUST003316,113400.04000000001,3,VIP
CUST003317,62075.65,4,VIP
CUST003318,65533.6,3,VIP
CUST003319,59591.49999999999,4,VIP
CUST003320,133530.74,6,VIP
CUST003321,137642.7,4,VIP
CUST003322,205033.28,7,VIP
CUST003323,85178.84,3,VIP
CUST003324,46299.56,2,VIP
CUST003325,116515.86,7,VIP
CUST003326,83013.61,3,VIP
CUST003327,63534.61,4,VIP
CUST003328,63335.149999999994,3,VIP
CUST003329,48528.94,3,VIP
CUST003330,31533.32,2,VIP
CUST003331,14858.5,1,VIP
CUST003332,68477.51000000001,5,VIP
CUST003333,111766.09,3,VIP
CUST003334,99106.48,6,VIP
CUST003335,124117.61,6,VIP
CUST003336,96555.08,3,VIP
CUST003337,109611.45,5,VIP
CUST003338,91961.16,3,VIP
CUST003339,74918.55,4,VIP
CUST003340,92058.61,4,VIP
CUST003341,150456.88,5,VIP
CUST003342,94369.11,3,VIP
CUST003343,76888.43,3,VIP
CUST003344,20948.41,3,VIP
CUST003345,147945.97,6,VIP
CUST003346,61599.12,4,VIP
CUST003347,1342.52,1,Mid Value
CUST003348,131305.39,4,VIP
CUST003349,114892.08,4,VIP
CUST003350,166802.72,5,VIP
CUST003351,151659.49,6,VIP
CUST003352,114165.22,3,VIP
CUST003353,221934.75,7,VIP
CUST003354,9559.04,1,VIP
CUST003355,153316.63999999998,6,VIP
CUST003356,80321.82,5,VIP
CUST003357,50327.09,3,VIP
CUST003358,151111.88,4,VIP
CUST003359,104123.35999999999,3,VIP
CUST003360,82558.78,4,VIP
CUST003361,36709.81,2,VIP
CUST003362,40231.27,1,VIP
CUST003363,57468.03,3,VIP
CUST003364,161960.11,5,VIP
CUST003365,80942.76,3,VIP
CUST003366,78548.56,3,VIP
CUST003367,201768.26,8,VIP
CUST003368,173211.47,8,VIP
CUST003369,72723.26999999999,2,VIP
CUST003370,93662.02,4,VIP
CUST003371,61120.520000000004,3,VIP
CUST003372,118014.63,4,VIP
CUST003373,80653.45,3,VIP
CUST003374,81683.06,3,VIP
CUST003375,134334.56,7,VIP
CUST003376,130540.21,5,VIP
CUST003377,100884.95999999999,4,VIP
CUST003378,80973.03,3,VIP
CUST003379,75887.89,3,VIP
CUST003380,111827.59999999999,5,VIP
CUST003381,72192.62,2,VIP
CUST003382,120756.73000000001,5,VIP
CUST003383,70896.15,2,VIP
CUST003384,85056.2,6,VIP
CUST003385,88693.33,3,VIP
CUST003386,86373.72,4,VIP
CUST003387,143064.05,4,VIP
CUST003388,21404.92,1,VIP
CUST003389,178255.37,5,VIP
CUST003390,150085.97999999998,7,VIP
CUST003391,212002.65000000002,5,VIP
CUST003392,140661.2,5,VIP
CUST003393,54641.06,4,VIP
CUST003394,98320.78,5,VIP
CUST003395,81915.73,3,VIP
CUST003396,57328.40000000001,2,VIP
CUST003397,83231.3,3,VIP
CUST003398,100765.4,3,VIP
CUST003399,121876.0,7,VIP
CUST003400,139000.0,5,VIP
CUST003401,75899.23000000001,3,VIP
CUST003402,113735.45999999999,4,VIP
CUST003403,108221.66,4,VIP
CUST003404,17220.49,1,VIP
CUST003405,30806.02,1,VIP
CUST003406,145638.33,4,VIP
CUST003407,28706.55,1,VIP
CUST003408,39302.25,3,VIP
CUST003409,119087.25,6,VIP
CUST003410,58348.55,3,VIP
CUST003411,127266.60999999999,5,VIP
CUST003412,95131.73,3,VIP
CUST003413,51888.56,3,VIP
CUST003414,195783.45,6,VIP
CUST003415,91061.68,3,VIP
CUST003416,167626.76,6,VIP
CUST003417,45591.9,3,VIP
CUST003418,143832.96,6,VIP
CUST003419,35702.63,2,VIP
CUST003420,103001.54,4,VIP
CUST003421,31665.67,1,VIP
CUST003422,112217.5,3,VIP
CUST003423,205650.93,8,VIP
CUST003424,30574.81,2,VIP
CUST003425,174028.66999999998,5,VIP
CUST003426,102192.06,3,VIP
CUST003427,56301.09,2,VIP
CUST003428,85972.77,3,VIP
CUST003429,81552.06999999999,3,VIP
CUST003430,103700.84,3,VIP
CUST003431,266239.89,8,VIP
CUST003432,68879.88,6,VIP
CUST003433,15934.72,1,VIP
CUST003434,23787.21,2,VIP
CUST003435,247026.76,9,VIP
CUST003436,162623.41,4,VIP
CUST003437,48131.380000000005,5,VIP
CUST003438,99371.75,4,VIP
CUST003439,49806.27,2,VIP
CUST003440,94587.2,4,VIP
CUST003441,142328.43,5,VIP
CUST003442,16686.43,1,VIP
CUST003443,37818.93,2,VIP
CUST003444,26687.33,3,VIP
CUST003445,111021.45,5,VIP
CUST003446,122065.31,4,VIP
CUST003447,207326.23,7,VIP
CUST003448,117436.81,4,VIP
CUST003449,175909.84,6,VIP
CUST003450,186186.77000000002,6,VIP
CUST003451,160062.0,5,VIP
CUST003452,13210.24,1,VIP
CUST003453,131161.18,3,VIP
CUST003454,108007.97,4,VIP
CUST003455,168465.13,6,VIP
CUST003456,190028.77999999997,6,VIP
CUST003457,1026.16,1,Mid Value
CUST003458,42147.72,4,VIP
CUST003459,75706.94,2,VIP
CUST003460,104449.96,4,VIP
CUST003461,84603.81,4,VIP
CUST003462,195899.19999999998,5,VIP
CUST003463,61290.64,3,VIP
CUST003464,82168.84,2,VIP
CUST003465,177445.94,5,VIP
CUST003466,37297.200000000004,2,VIP
CUST003467,55813.770000000004,2,VIP
CUST003468,92289.70999999999,3,VIP
CUST003470,159260.84,5,VIP
CUST003471,85444.36,6,VIP
CUST003472,158857.27,5,VIP
CUST003473,153122.73,6,VIP
CUST003474,54981.310000000005,2,VIP
CUST003475,119536.58,3,VIP
CUST003476,14382.92,2,VIP
CUST003477,166508.55,10,VIP
CUST003478,49695.78,1,VIP
CUST003479,101355.59,6,VIP
CUST003480,65353.25,3,VIP
CUST003481,121617.03,4,VIP
CUST003482,106931.98000000001,4,VIP
CUST003483,177695.12,5,VIP
CUST003484,105369.32,4,VIP
CUST003485,58397.659999999996,5,VIP
CUST003486,116816.65,4,VIP
CUST003487,42772.47,1,VIP
CUST003488,95837.88,3,VIP
CUST003489,25605.99,1,VIP
CUST003490,11810.64,2,VIP
CUST003491,175954.4,7,VIP
CUST003492,69663.25,2,VIP
CUST003493,50943.299999999996,3,VIP
CUST003494,99448.72,6,VIP
CUST003495,68877.29999999999,3,VIP
CUST003496,53529.39,2,VIP
CUST003497,49422.49,3,VIP
CUST003498,60998.81,2,VIP
CUST003499,108681.16,3,VIP
CUST003500,69667.96,3,VIP
CUST003501,94167.08,4,VIP
CUST003502,84414.09,3,VIP
CUST003503,116753.8,3,VIP
CUST003504,151776.18,5,VIP
CUST003505,108541.84,5,VIP
CUST003506,59056.0,3,VIP
CUST003507,137094.57,5,VIP
CUST003508,47616.67,2,VIP
CUST003509,70979.39,2,VIP
CUST003510,10110.64,1,VIP
CUST003511,133341.06,4,VIP
CUST003512,98757.24,5,VIP
CUST003513,71489.26,4,VIP
CUST003514,112314.04,4,VIP
CUST003515,77364.75,3,VIP
CUST003516,47974.240000000005,3,VIP
CUST003517,180066.82,7,VIP
CUST003518,127902.93999999999,6,VIP
CUST003519,132368.81,5,VIP
CUST003520,144270.35,5,VIP
CUST003521,70196.0,4,VIP
CUST003522,82068.04,3,VIP
CUST003523,55767.08,3,VIP
CUST003524,36662.17,1,VIP
CUST003525,222993.16999999998,10,VIP
CUST003526,89192.73000000001,4,VIP
CUST003527,290966.3,9,VIP
CUST003528,85142.65000000001,3,VIP
CUST003529,94830.13,5,VIP
CUST003530,16446.49,2,VIP
CUST003531,62680.270000000004,2,VIP
CUST003532,104623.34,5,VIP
CUST003533,90858.84,3,VIP
CUST003534,255429.91999999998,9,VIP
CUST003535,837.91,1,Mid Value
CUST003536,8806.86,1,VIP
CUST003537,94872.48,4,VIP
CUST003538,77991.34,3,VIP
CUST003539,52338.29,2,VIP
CUST003540,136129.75,5,VIP
CUST003541,93980.28,5,VIP
CUST003542,103479.08,4,VIP
CUST003543,79053.55,2,VIP
CUST003544,122962.0,4,VIP
CUST003545,60903.04,3,VIP
CUST003546,146499.94,6,VIP
CUST003547,347779.8,14,VIP
CUST003548,142758.75,6,VIP
CUST003549,82531.23999999999,4,VIP
CUST003550,126321.43,4,VIP
CUST003551,92735.78,6,VIP
CUST003552,12947.31,1,VIP
CUST003553,54402.770000000004,3,VIP
CUST003554,113760.34,5,VIP
CUST003555,22484.339999999997,2,VIP
CUST003556,158961.78,7,VIP
CUST003557,52747.86,2,VIP
CUST003558,65640.76000000001,3,VIP
CUST003559,6911.1,1,VIP
CUST003560,76657.15,3,VIP
CUST003561,53572.69,3,VIP
CUST003562,143161.41999999998,6,VIP
CUST003563,121073.93999999999,4,VIP
CUST003564,76892.92,4,VIP
CUST003565,83345.77,4,VIP
CUST003566,39695.469999999994,2,VIP
CUST003567,41760.68,4,VIP
CUST003568,293778.06,9,VIP
CUST003569,67004.20999999999,4,VIP
CUST003570,80769.91,3,VIP
CUST003571,125057.96,4,VIP
CUST003572,197863.55,6,VIP
CUST003573,126106.32,5,VIP
CUST003574,111891.54,4,VIP
CUST003575,294876.33,9,VIP
CUST003576,183744.88999999998,6,VIP
CUST003577,35571.75,1,VIP
CUST003578,74310.87,3,VIP
CUST003579,142975.06,6,VIP
CUST003580,150871.75,6,VIP
CUST003581,103543.75,4,VIP
CUST003582,166470.24,6,VIP
CUST003583,124493.88,4,VIP
CUST003584,92852.95,3,VIP
CUST003585,92631.0,4,VIP
CUST003586,67757.88,4,VIP
CUST003587,87267.71,4,VIP
CUST003588,181897.97,6,VIP
CUST003589,221735.16,8,VIP
CUST003590,133899.96,4,VIP
CUST003591,166886.05,5,VIP
CUST003592,184196.19,6,VIP
CUST003593,62526.78,4,VIP
CUST003594,78187.51000000001,2,VIP
CUST003595,102797.37,4,VIP
CUST003596,29345.82,1,VIP
CUST003597,20981.8,2,VIP
CUST003598,149483.99,5,VIP
CUST003599,43645.25,2,VIP
CUST003600,89357.15,5,VIP
CUST003601,125939.37,3,VIP
CUST003602,75728.65,4,VIP
CUST003603,121442.94,6,VIP
CUST003604,133755.96,5,VIP
CUST003605,104432.0,5,VIP
CUST003606,69883.78,2,VIP
CUST003608,37596.04,1,VIP
CUST003609,114599.54,4,VIP
CUST003610,119724.25,5,VIP
CUST003611,20877.07,1,VIP
CUST003612,67520.91,2,VIP
CUST003613,92709.95999999999,3,VIP
CUST003614,50608.090000000004,2,VIP
CUST003615,234789.74,9,VIP
CUST003616,84139.0,4,VIP
CUST003617,103123.01,4,VIP
CUST003618,114789.98000000001,3,VIP
CUST003619,100357.75,4,VIP
CUST003620,20801.83,1,VIP
CUST003621,97153.33,7,VIP
CUST003622,144890.43,5,VIP
CUST003623,182064.44,5,VIP
CUST003624,152612.22,6,VIP
CUST003625,36236.759999999995,2,VIP
CUST003626,221004.22,9,VIP
CUST003627,80112.56,4,VIP
CUST003628,127622.8,7,VIP
CUST003629,175170.24,6,VIP
CUST003630,46520.32,2,VIP
CUST003631,49324.59,1,VIP
CUST003632,65745.94,3,VIP
CUST003633,108058.17,3,VIP
CUST003634,44876.020000000004,3,VIP
CUST003635,210670.5,6,VIP
CUST003636,52137.92,4,VIP
CUST003637,116422.62,4,VIP
CUST003638,86580.83,4,VIP
CUST003639,78562.40000000001,3,VIP
CUST003640,176105.99,6,VIP
CUST003641,76510.83,3,VIP
CUST003642,73135.85,3,VIP
CUST003643,96227.23,4,VIP
CUST003644,199333.8,6,VIP
CUST003645,93603.95,5,VIP
CUST003646,11897.73,1,VIP
CUST003647,60036.03,2,VIP
CUST003648,183822.68,7,VIP
CUST003649,101795.81999999999,5,VIP
CUST003650,97158.86,3,VIP
CUST003651,66799.52,3,VIP
CUST003652,49012.340000000004,2,VIP
CUST003653,157372.81,5,VIP
CUST003654,9364.65,1,VIP
CUST003655,111710.5,6,VIP
CUST003656,47057.18,4,VIP
CUST003657,127970.91,4,VIP
CUST003658,8581.56,1,VIP
CUST003659,27322.07,3,VIP
CUST003660,229786.85,11,VIP
CUST003661,26362.299999999996,2,VIP
CUST003662,116708.16,5,VIP
CUST003663,43313.47,3,VIP
CUST003664,120457.15,4,VIP
CUST003665,216753.31,9,VIP
CUST003666,87373.83,4,VIP
CUST003667,94111.79000000001,5,VIP
CUST003668,125804.12,6,VIP
CUST003669,56029.090000000004,2,VIP
CUST003670,192101.41999999998,5,VIP
CUST003671,50017.119999999995,2,VIP
CUST003672,82127.35,6,VIP
CUST003673,86505.37,4,VIP
CUST003674,90432.95999999999,7,VIP
CUST003675,71645.54000000001,2,VIP
CUST003676,44925.39,1,VIP
CUST003677,27719.179999999997,2,VIP
CUST003678,17518.04,2,VIP
CUST003679,75649.28,5,VIP
CUST003680,134859.39,6,VIP
CUST003681,106247.14,5,VIP
CUST003682,38611.89,3,VIP
CUST003683,113521.13,4,VIP
CUST003684,52447.67,3,VIP
CUST003685,164294.25,5,VIP
CUST003686,135899.22,5,VIP
CUST003687,8627.32,1,VIP
CUST003688,13552.13,1,VIP
CUST003689,136693.77000000002,5,VIP
CUST003690,136845.11,9,VIP
CUST003691,85154.23999999999,3,VIP
CUST003692,102394.79,5,VIP
CUST003693,36575.77,2,VIP
CUST003694,98724.98,3,VIP
CUST003695,48104.43,2,VIP
CUST003696,112895.33,5,VIP
CUST003697,96488.75,3,VIP
CUST003698,207190.59,6,VIP
CUST003699,83164.11,2,VIP
CUST003700,52366.89,4,VIP
CUST003701,59014.61,3,VIP
CUST003702,87789.26,3,VIP
CUST003703,176079.91,7,VIP
CUST003704,181394.47999999998,6,VIP
CUST003705,186621.36,7,VIP
CUST003706,122672.87000000001,5,VIP
CUST003707,182447.57,8,VIP
CUST003708,449.85,1,Low Value
CUST003709,152651.97999999998,6,VIP
CUST003710,61358.520000000004,2,VIP
CUST003711,61445.270000000004,3,VIP
CUST003712,126853.84,6,VIP
CUST003713,41090.8,1,VIP
CUST003714,69296.45999999999,5,VIP
CUST003715,54074.01,2,VIP
CUST003716,168795.96,8,VIP
CUST003717,68411.26999999999,3,VIP
CUST003718,26716.57,2,VIP
CUST003719,215031.29,6,VIP
CUST003720,80956.20999999999,4,VIP
CUST003721,134145.87,5,VIP
CUST003722,140636.26,5,VIP
CUST003723,110127.11,6,VIP
CUST003724,76599.63,5,VIP
CUST003725,151560.25,7,VIP
CUST003726,57424.67,4,VIP
CUST003727,184416.71000000002,6,VIP
CUST003728,129900.34,4,VIP
CUST003729,117757.06999999999,5,VIP
CUST003730,115420.85,6,VIP
CUST003731,134678.79,4,VIP
CUST003732,72303.01000000001,4,VIP
CUST003733,54681.8,2,VIP
CUST003734,112396.23,4,VIP
CUST003735,208222.97999999998,8,VIP
CUST003736,115991.06,5,VIP
CUST003737,100906.78,4,VIP
CUST003738,112330.33,3,VIP
CUST003739,146170.3,5,VIP
CUST003740,219063.41999999998,7,VIP
CUST003741,39904.69,3,VIP
CUST003742,49486.55,1,VIP
CUST003743,148827.49,5,VIP
CUST003744,186271.33000000002,6,VIP
CUST003745,4466.62,2,High Value
CUST003746,140201.99,6,VIP
CUST003747,11494.24,1,VIP
CUST003748,125932.09000000001,4,VIP
CUST003749,118351.47,6,VIP
CUST003750,122775.97,6,VIP
CUST003751,297642.6,9,VIP
CUST003752,145548.21,4,VIP
CUST003753,109303.97,4,VIP
CUST003754,160537.21,7,VIP
CUST003755,246651.48,8,VIP
CUST003756,120655.0,4,VIP
CUST003757,90261.66,4,VIP
CUST003758,134682.27,5,VIP
CUST003759,9471.89,1,VIP
CUST003760,39410.63,4,VIP
CUST003761,65821.18,4,VIP
CUST003762,80675.31,3,VIP
CUST003763,65534.55,2,VIP
CUST003764,234660.45,9,VIP
CUST003765,172388.5,7,VIP
CUST003766,119003.73999999999,5,VIP
CUST003767,237213.94,8,VIP
CUST003768,274829.93,8,VIP
CUST003769,114906.16,6,VIP
CUST003770,3551.38,2,High Value
CUST003771,153918.8,5,VIP
CUST003772,162903.35,4,VIP
CUST003773,111155.48,4,VIP
CUST003774,98328.53,3,VIP
CUST003775,98667.09,3,VIP
CUST003776,81941.95999999999,4,VIP
CUST003777,179613.41999999998,7,VIP
CUST003778,80468.05,3,VIP
CUST003779,46445.07,3,VIP
CUST003780,215010.13,5,VIP
CUST003781,114033.11,5,VIP
CUST003782,49390.24,2,VIP
CUST003783,102794.32,4,VIP
CUST003784,57010.19,2,VIP
CUST003785,59788.76,2,VIP
CUST003786,211811.65,6,VIP
CUST003787,125342.79000000001,4,VIP
CUST003788,45496.75,3,VIP
CUST003789,76507.04000000001,4,VIP
CUST003791,79876.18,2,VIP
CUST003792,247741.61,8,VIP
CUST003793,66209.45999999999,3,VIP
CUST003794,82385.62,5,VIP
CUST003795,62650.65,3,VIP
CUST003796,92248.1,3,VIP
CUST003797,119979.25,5,VIP
CUST003798,94935.06,4,VIP
CUST003799,137787.71,3,VIP
CUST003800,55418.9,3,VIP
CUST003801,238507.87,8,VIP
CUST003802,95683.53,5,VIP
CUST003803,49587.3,1,VIP
CUST003804,156721.78999999998,6,VIP
CUST003805,174178.82,8,VIP
CUST003806,115985.83,3,VIP
CUST003807,167703.57,5,VIP
CUST003808,144554.9,5,VIP
CUST003809,144195.02000000002,4,VIP
CUST003810,27005.1,1,VIP
CUST003811,318182.43,9,VIP
CUST003812,113111.18,4,VIP
CUST003813,131466.99,7,VIP
CUST003814,161670.97,6,VIP
CUST003815,79848.39,3,VIP
CUST003816,56997.28999999999,2,VIP
CUST003817,42047.49,2,VIP
CUST003818,130092.47,5,VIP
CUST003819,135444.31,6,VIP
CUST003820,61304.12,3,VIP
CUST003821,26932.91,2,VIP
CUST003822,60694.24,3,VIP
CUST003823,162525.37,6,VIP
CUST003824,46663.77,3,VIP
CUST003825,64247.549999999996,4,VIP
CUST003826,197357.62,8,VIP
CUST003827,91993.09,3,VIP
CUST003828,38235.33,1,VIP
CUST003829,116134.8,6,VIP
CUST003830,71620.48,2,VIP
CUST003831,115345.76999999999,6,VIP
CUST003832,295923.21,11,VIP
CUST003833,58916.66,2,VIP
CUST003834,140428.91,7,VIP
CUST003835,68167.93000000001,3,VIP
CUST003836,66468.20999999999,2,VIP
CUST003837,4698.31,1,High Value
CUST003838,231164.75,6,VIP
CUST003839,57434.990000000005,2,VIP
CUST003840,193547.16999999998,6,VIP
CUST003841,124061.39,5,VIP
CUST003842,170738.33,6,VIP
CUST003843,41460.78,1,VIP
CUST003844,78063.37,2,VIP
CUST003845,138616.93,4,VIP
CUST003846,90696.5,5,VIP
CUST003847,181996.57,7,VIP
CUST003848,83631.4,3,VIP
CUST003849,131471.73,6,VIP
CUST003850,81416.05,3,VIP
CUST003851,96531.99,4,VIP
CUST003852,46871.28,1,VIP
CUST003853,177379.12,7,VIP
CUST003854,69963.29000000001,3,VIP
CUST003855,32128.11,3,VIP
CUST003856,13468.61,2,VIP
CUST003857,38563.76,2,VIP
CUST003858,86747.56,4,VIP
CUST003859,35154.78,2,VIP
CUST003860,53625.51,3,VIP
CUST003861,70839.25,2,VIP
CUST003862,41995.09,1,VIP
CUST003863,68208.06,2,VIP
CUST003864,8588.59,1,VIP
CUST003865,67121.26000000001,2,VIP
CUST003868,190716.41999999998,7,VIP
CUST003869,4456.31,1,High Value
CUST003870,29001.45,2,VIP
CUST003871,147306.34999999998,5,VIP
CUST003872,102183.59,5,VIP
CUST003873,294684.95,9,VIP
CUST003874,70470.51,5,VIP
CUST003875,77032.3,3,VIP
CUST003876,171959.9,7,VIP
CUST003877,114117.7,6,VIP
CUST003878,160730.43,5,VIP
CUST003879,118124.20999999999,5,VIP
CUST003880,65589.85,4,VIP
CUST003881,37678.39,2,VIP
CUST003882,111317.56,4,VIP
CUST003883,40436.77,1,VIP
CUST003884,93918.76999999999,4,VIP
CUST003885,64873.04000000001,5,VIP
CUST003886,86715.91,2,VIP
CUST003887,70665.43,2,VIP
CUST003888,15726.52,2,VIP
CUST003889,127154.70999999999,3,VIP
CUST003890,23952.33,4,VIP
CUST003891,103848.20000000001,3,VIP
CUST003892,155291.75,7,VIP
CUST003893,158730.14,6,VIP
CUST003894,232543.65,8,VIP
CUST003895,91427.73999999999,3,VIP
CUST003896,103668.62,5,VIP
CUST003897,91648.42,4,VIP
CUST003898,159005.2,5,VIP
CUST003899,34925.26,1,VIP
CUST003900,84673.18000000001,4,VIP
CUST003901,219926.47,7,VIP
CUST003902,141831.74,4,VIP
CUST003903,124510.26,4,VIP
CUST003904,118984.95000000001,4,VIP
CUST003905,83566.8,5,VIP
CUST003906,101896.23,6,VIP
CUST003907,85048.59,3,VIP
CUST003908,38743.0,2,VIP
CUST003909,58010.07,4,VIP
CUST003910,57858.03,3,VIP
CUST003911,49653.18,2,VIP
CUST003912,123901.81,6,VIP
CUST003913,127813.5,4,VIP
CUST003914,69370.13,2,VIP
CUST003915,184624.07,7,VIP
CUST003916,115739.1,4,VIP
CUST003917,36722.86,2,VIP
CUST003918,136900.77,4,VIP
CUST003919,31284.39,3,VIP
CUST003920,126002.86,5,VIP
CUST003921,186387.63,6,VIP
CUST003922,136019.0,6,VIP
CUST003923,28942.55,1,VIP
CUST003924,71690.17,3,VIP
CUST003925,70296.72,2,VIP
CUST003926,51746.55,2,VIP
CUST003927,147167.09,6,VIP
CUST003928,124685.96,7,VIP
CUST003929,115362.59,3,VIP
CUST003930,22441.760000000002,2,VIP
CUST003931,51837.66,3,VIP
CUST003932,136424.22,6,VIP
CUST003933,37133.34,2,VIP
CUST003934,70465.27,3,VIP
CUST003935,113389.07,5,VIP
CUST003937,68409.92,3,VIP
CUST003938,51168.619999999995,2,VIP
CUST003939,42198.75,1,VIP
CUST003940,133128.23,5,VIP
CUST003941,105400.13,5,VIP
CUST003942,42645.19,3,VIP
CUST003943,73194.98999999999,4,VIP
CUST003944,132203.05,4,VIP
CUST003945,77966.48999999999,3,VIP
CUST003946,93034.93,3,VIP
CUST003947,112721.13,4,VIP
CUST003948,94795.53,4,VIP
CUST003949,110063.31,5,VIP
CUST003950,85529.29000000001,4,VIP
CUST003951,67792.01999999999,2,VIP
CUST003952,123961.19,6,VIP
CUST003953,144730.47,4,VIP
CUST003954,5846.37,1,VIP
CUST003955,50287.07,3,VIP
CUST003956,166504.94,7,VIP
CUST003957,155741.83000000002,6,VIP
CUST003958,120143.08,4,VIP
CUST003959,47437.21,3,VIP
CUST003960,86773.83,4,VIP
CUST003961,93599.82,3,VIP
CUST003962,126099.49,5,VIP
CUST003963,29238.65,1,VIP
CUST003964,169224.22,6,VIP
CUST003965,188500.47999999998,7,VIP
CUST003966,21866.28,2,VIP
CUST003967,126825.04999999999,5,VIP
CUST003968,47244.59,3,VIP
CUST003969,159101.91999999998,5,VIP
CUST003970,134880.15,7,VIP
CUST003971,123440.92,6,VIP
CUST003972,225026.25,9,VIP
CUST003973,187739.87,5,VIP
CUST003974,111076.37000000001,4,VIP
CUST003975,31463.18,2,VIP
CUST003976,97063.65,3,VIP
CUST003977,69385.01999999999,2,VIP
CUST003978,161689.04,5,VIP
CUST003979,190349.14,7,VIP
CUST003980,51607.310000000005,2,VIP
CUST003981,112514.70000000001,4,VIP
CUST003982,171406.63,6,VIP
CUST003983,67255.86,2,VIP
CUST003984,116118.20000000001,3,VIP
CUST003985,184803.97,6,VIP
CUST003986,78671.17,4,VIP
CUST003987,205583.84,7,VIP
CUST003988,169405.13,4,VIP
CUST003989,134026.07,4,VIP
CUST003990,23406.629999999997,2,VIP
CUST003991,41483.34,1,VIP
CUST003992,116362.86,5,VIP
CUST003993,204142.65,6,VIP
CUST003994,201079.91,8,VIP
CUST003995,135838.05000000002,5,VIP
CUST003996,144929.83,6,VIP
CUST003997,10187.11,2,VIP
CUST003998,26925.27,3,VIP
CUST003999,181023.33,7,VIP
CUST004000,117968.28,4,VIP
CUST004001,111290.87,3,VIP
CUST004002,150380.04,8,VIP
CUST004003,133096.78,7,VIP
CUST004004,139846.71,5,VIP
CUST004005,87822.81,3,VIP
CUST004006,121472.43000000001,3,VIP
CUST004007,215270.21000000002,6,VIP
CUST004008,104239.62,3,VIP
CUST004009,71618.34,2,VIP
CUST004010,34357.62,3,VIP
CUST004011,61789.619999999995,3,VIP
CUST004012,55242.38,4,VIP
CUST004013,20778.07,2,VIP
CUST004014,160552.04,8,VIP
CUST004015,225111.93,8,VIP
CUST004016,65844.6,3,VIP
CUST004017,120629.36,4,VIP
CUST004018,300325.3,11,VIP
CUST004019,115576.84,4,VIP
CUST004020,21889.23,4,VIP
CUST004021,68763.48,3,VIP
CUST004022,68192.32,3,VIP
CUST004023,93172.79000000001,5,VIP
CUST004024,66534.1,3,VIP
CUST004025,37810.74,3,VIP
CUST004026,122934.92,4,VIP
CUST004027,72519.09,4,VIP
CUST004028,53836.99,3,VIP
CUST004029,84862.61,3,VIP
CUST004030,123625.72,4,VIP
CUST004031,19585.17,1,VIP
CUST004032,152227.52,4,VIP
CUST004033,160462.77,6,VIP
CUST004034,156529.5,5,VIP
CUST004035,19088.97,3,VIP
CUST004036,115309.53,5,VIP
CUST004037,15882.73,2,VIP
CUST004038,127362.41,5,VIP
CUST004039,36409.119999999995,2,VIP
CUST004040,175711.84,6,VIP
CUST004041,88736.73,4,VIP
CUST004042,80324.53,3,VIP
CUST004043,108793.15,3,VIP
CUST004044,91103.29000000001,3,VIP
CUST004045,50379.850000000006,2,VIP
CUST004046,58462.65,4,VIP
CUST004047,156448.46,6,VIP
CUST004048,62977.91,4,VIP
CUST004049,205806.94,7,VIP
CUST004050,17893.42,1,VIP
CUST004051,225955.29,7,VIP
CUST004052,98054.63,3,VIP
CUST004053,95548.51999999999,3,VIP
CUST004054,47759.72,1,VIP
CUST004055,114535.06,6,VIP
CUST004056,131569.64,5,VIP
CUST004057,91206.87,3,VIP
CUST004058,59797.88,4,VIP
CUST004059,122212.45,4,VIP
CUST004060,89383.63,5,VIP
CUST004061,28372.21,2,VIP
CUST004062,151953.1,5,VIP
CUST004063,647.11,1,Mid Value
CUST004064,38158.46,3,VIP
CUST004065,84015.79,3,VIP
CUST004066,215058.81,6,VIP
CUST004067,176400.08000000002,6,VIP
CUST004068,73746.21,3,VIP
CUST004069,88316.93000000001,4,VIP
CUST004070,104229.97,3,VIP
CUST004071,98232.17,4,VIP
CUST004072,95640.03,3,VIP
CUST004073,29886.13,2,VIP
CUST004074,84132.45999999999,2,VIP
CUST004075,46133.43,2,VIP
CUST004076,69907.56,3,VIP
CUST004077,164808.71,6,VIP
CUST004078,89342.92,4,VIP
CUST004079,87345.98000000001,3,VIP
CUST004080,112091.29000000001,6,VIP
CUST004081,165091.40000000002,6,VIP
CUST004082,68288.20999999999,4,VIP
CUST004083,61885.23,3,VIP
CUST004085,154996.71,6,VIP
CUST004086,42877.14,2,VIP
CUST004087,68428.28,2,VIP
CUST004088,29688.0,1,VIP
CUST004089,190626.08,10,VIP
CUST004090,85526.78,5,VIP
CUST004091,122722.28,5,VIP
CUST004092,112433.4,6,VIP
CUST004093,20048.42,1,VIP
CUST004094,189036.73,6,VIP
CUST004095,269406.33999999997,8,VIP
CUST004096,170164.96,5,VIP
CUST004097,8852.18,2,VIP
CUST004098,58689.009999999995,4,VIP
CUST004099,49778.91,3,VIP
CUST004100,152625.24,7,VIP
CUST004101,72829.08,4,VIP
CUST004102,45506.29,3,VIP
CUST004103,256814.44999999998,9,VIP
CUST004104,58007.68,3,VIP
CUST004105,96746.97,4,VIP
CUST004106,249650.69,9,VIP
CUST004107,171287.24,6,VIP
CUST004108,22489.81,1,VIP
CUST004109,91971.47,4,VIP
CUST004110,116795.81,5,VIP
CUST004111,118885.45,4,VIP
CUST004112,77743.94,2,VIP
CUST004113,109043.2,4,VIP
CUST004114,79612.64,2,VIP
CUST004115,86484.58,3,VIP
CUST004116,181806.04,8,VIP
CUST004117,31074.37,2,VIP
CUST004118,70014.33,4,VIP
CUST004119,34505.78,2,VIP
CUST004120,164946.56,7,VIP
CUST004121,33922.57,2,VIP
CUST004122,27359.97,2,VIP
CUST004123,96993.17,4,VIP
CUST004124,68636.24,2,VIP
CUST004125,152093.02,8,VIP
CUST004126,64153.67,5,VIP
CUST004127,282190.54,9,VIP
CUST004128,117389.17,6,VIP
CUST004129,36108.78,2,VIP
CUST004130,132501.46,4,VIP
CUST004131,93817.1,5,VIP
CUST004132,81496.61,2,VIP
CUST004133,93495.86,4,VIP
CUST004135,62606.12,2,VIP
CUST004136,75888.56,3,VIP
CUST004137,161125.63,6,VIP
CUST004138,92312.62,4,VIP
CUST004139,12126.3,1,VIP
CUST004140,97757.01000000001,4,VIP
CUST004141,17901.12,2,VIP
CUST004142,103700.79000000001,4,VIP
CUST004143,78975.47,4,VIP
CUST004144,171981.1,6,VIP
CUST004145,72157.82,4,VIP
CUST004146,20231.72,1,VIP
CUST004147,181005.36,7,VIP
CUST004148,149069.54,6,VIP
CUST004149,108995.18000000001,6,VIP
CUST004150,199729.83000000002,8,VIP
CUST004151,77770.61,3,VIP
CUST004152,98588.47,2,VIP
CUST004153,82094.48000000001,3,VIP
CUST004154,176133.98,5,VIP
CUST004155,132442.48,6,VIP
CUST004156,122798.25,4,VIP
CUST004158,43847.88,2,VIP
CUST004159,89227.01999999999,4,VIP
CUST004160,122839.86,5,VIP
CUST004161,130842.38,4,VIP
CUST004162,67492.35,2,VIP
CUST004163,84763.86,5,VIP
CUST004164,199790.96,6,VIP
CUST004165,86340.37,4,VIP
CUST004166,122409.73000000001,3,VIP
CUST004167,175333.84,7,VIP
CUST004168,116765.78,7,VIP
CUST004169,60312.36,2,VIP
CUST004170,55608.46000000001,2,VIP
CUST004171,88673.48,3,VIP
CUST004172,127929.40000000001,7,VIP
CUST004173,119044.45000000001,5,VIP
CUST004174,134600.2,5,VIP
CUST004175,139213.36,6,VIP
CUST004176,84003.81,3,VIP
CUST004177,49460.55,3,VIP
CUST004178,89308.58,7,VIP
CUST004179,108659.65,3,VIP
CUST004180,22184.399999999998,3,VIP
CUST004181,191581.4,8,VIP
CUST004182,123779.4,5,VIP
CUST004183,55141.51,4,VIP
CUST004184,25758.95,1,VIP
CUST004185,75923.22,2,VIP
CUST004186,141490.24,7,VIP
CUST004187,127542.47,5,VIP
CUST004188,40707.869999999995,3,VIP
CUST004189,90072.69,5,VIP
CUST004190,91330.28,5,VIP
CUST004191,66563.75,3,VIP
CUST004192,84854.22,4,VIP
CUST004193,150379.44,8,VIP
CUST004194,38648.16,2,VIP
CUST004195,146840.32,6,VIP
CUST004196,83469.15000000001,3,VIP
CUST004197,166297.8,8,VIP
CUST004198,132762.89,4,VIP
CUST004199,122611.4,6,VIP
CUST004200,55585.43000000001,2,VIP
CUST004201,187155.99,6,VIP
CUST004202,4075.32,1,High Value
CUST004203,35666.71,1,VIP
CUST004204,87090.13,3,VIP
CUST004205,13076.1,2,VIP
CUST004206,169156.96000000002,7,VIP
CUST004207,95401.25,4,VIP
CUST004208,203108.56,7,VIP
CUST004209,116501.34,5,VIP
CUST004210,63501.08,4,VIP
CUST004211,102752.89,4,VIP
CUST004212,63924.9,3,VIP
CUST004213,143121.08,7,VIP
CUST004214,65291.04,2,VIP
CUST004215,83484.25,5,VIP
CUST004216,77982.19,3,VIP
CUST004217,39554.97,3,VIP
CUST004218,86922.96,3,VIP
CUST004219,145503.07,8,VIP
CUST004220,207256.89,7,VIP
CUST004221,137818.73,4,VIP
CUST004222,59556.61,3,VIP
CUST004223,68305.03,3,VIP
CUST004224,147889.81,4,VIP
CUST004225,90144.65,4,VIP
CUST004226,258820.77,8,VIP
CUST004227,20971.53,1,VIP
CUST004228,38043.73,1,VIP
CUST004229,159032.47,5,VIP
CUST004230,139441.31,6,VIP
CUST004231,198063.84,6,VIP
CUST004232,48974.84,4,VIP
CUST004233,72563.43,4,VIP
CUST004234,150879.02,6,VIP
CUST004236,147816.27,6,VIP
CUST004237,70172.84,3,VIP
CUST004238,169240.16,6,VIP
CUST004239,171662.69,6,VIP
CUST004240,46741.57,3,VIP
CUST004241,120790.79000000001,4,VIP
CUST004242,152136.89,4,VIP
CUST004243,64335.89,3,VIP
CUST004244,309567.61,10,VIP
CUST004245,148067.94,5,VIP
CUST004246,89921.85,4,VIP
CUST004247,139338.39,4,VIP
CUST004248,46634.97,3,VIP
CUST004249,134675.43,7,VIP
CUST004250,152013.78,6,VIP
CUST004251,90432.31,4,VIP
CUST004252,86597.83,3,VIP
CUST004253,68500.28,3,VIP
CUST004254,139116.43,5,VIP
CUST004255,85581.38,4,VIP
CUST004256,54001.630000000005,2,VIP
CUST004257,142195.05,4,VIP
CUST004258,127513.48,6,VIP
CUST004259,151950.04,5,VIP
CUST004260,99067.61,4,VIP
CUST004261,121703.18,6,VIP
CUST004262,69224.26999999999,4,VIP
CUST004263,159030.1,5,VIP
CUST004264,162569.37,7,VIP
CUST004265,324347.16,10,VIP
CUST004266,76040.4,2,VIP
CUST004267,51717.05,3,VIP
CUST004268,165893.38,8,VIP
CUST004269,46456.86,1,VIP
CUST004270,156488.15,7,VIP
CUST004271,110606.34,5,VIP
CUST004273,133845.97999999998,5,VIP
CUST004274,72898.36,4,VIP
CUST004275,52327.96,2,VIP
CUST004276,295533.15,9,VIP
CUST004277,127102.87,5,VIP
CUST004278,94738.02,6,VIP
CUST004279,180690.85,6,VIP
CUST004281,98393.45,3,VIP
CUST004282,64089.86,2,VIP
CUST004283,47443.380000000005,2,VIP
CUST004284,141602.58000000002,5,VIP
CUST004285,183516.66,6,VIP
CUST004286,146331.41,5,VIP
CUST004287,82410.33,5,VIP
CUST004288,216499.1,9,VIP
CUST004289,93316.75,4,VIP
CUST004290,19841.48,2,VIP
CUST004291,66521.53,4,VIP
CUST004292,190604.1,7,VIP
CUST004293,17919.22,2,VIP
CUST004294,70512.92,4,VIP
CUST004295,225753.88999999998,9,VIP
CUST004296,212334.34,7,VIP
CUST004297,175175.42,4,VIP
CUST004298,155716.32,5,VIP
CUST004299,62294.13,2,VIP
CUST004300,171418.94,7,VIP
CUST004301,41590.26,3,VIP
CUST004302,145408.14,6,VIP
CUST004303,120659.33,8,VIP
CUST004304,122451.2,4,VIP
CUST004305,132667.68,6,VIP
CUST004307,72986.14,2,VIP
CUST004308,26172.8,1,VIP
CUST004309,154840.35,5,VIP
CUST004310,86129.91,5,VIP
CUST004311,43641.45,2,VIP
CUST004312,141310.91999999998,4,VIP
CUST004313,46262.380000000005,3,VIP
CUST004314,47263.810000000005,2,VIP
CUST004315,93760.9,3,VIP
CUST004316,42204.25,2,VIP
CUST004317,112245.72,4,VIP
CUST004318,151142.29,5,VIP
CUST004319,77656.46,4,VIP
CUST004320,140945.03,6,VIP
CUST004321,71050.95999999999,2,VIP
CUST004322,87952.90000000001,3,VIP
CUST004323,86959.48,3,VIP
CUST004324,98748.27,4,VIP
CUST004325,145474.83000000002,5,VIP
CUST004326,147883.91999999998,6,VIP
CUST004327,162543.43,5,VIP
CUST004328,84807.79,3,VIP
CUST004329,29397.86,1,VIP
CUST004330,93868.45,4,VIP
CUST004331,184498.13,6,VIP
CUST004332,128172.63,7,VIP
CUST004333,77723.46,2,VIP
CUST004334,82409.14,2,VIP
CUST004335,153070.25,6,VIP
CUST004336,127975.45999999999,5,VIP
CUST004337,60838.14,3,VIP
CUST004338,108309.14,5,VIP
CUST004339,178498.72999999998,6,VIP
CUST004340,65731.18000000001,3,VIP
CUST004341,82173.51000000001,2,VIP
CUST004342,55578.79,3,VIP
CUST004343,147500.75,4,VIP
CUST004344,146855.28,6,VIP
CUST004345,74702.31999999999,4,VIP
CUST004346,46293.74,2,VIP
CUST004347,83149.74,3,VIP
CUST004348,249701.96999999997,9,VIP
CUST004349,101554.51999999999,3,VIP
CUST004350,14740.74,2,VIP
CUST004351,175835.52,8,VIP
CUST004352,158602.56,5,VIP
CUST004353,132188.74,5,VIP
CUST004354,108038.56,6,VIP
CUST004355,69802.32,3,VIP
CUST004356,65120.39,2,VIP
CUST004357,124640.83,4,VIP
CUST004358,160931.93,4,VIP
CUST004359,65087.76,3,VIP
CUST004360,111502.64,3,VIP
CUST004361,178410.66999999998,6,VIP
CUST004362,9253.9,2,VIP
CUST004363,63425.119999999995,3,VIP
CUST004365,110683.63,4,VIP
CUST004366,137952.95,4,VIP
CUST004367,107971.03,3,VIP
CUST004368,92568.67,3,VIP
CUST004369,61115.05,2,VIP
CUST004370,25236.92,2,VIP
CUST004371,113314.12,4,VIP
CUST004372,60001.94,3,VIP
CUST004373,40086.48,2,VIP
CUST004374,149918.87,4,VIP
CUST004375,81011.38,3,VIP
CUST004376,140821.04,5,VIP
CUST004377,74778.70999999999,3,VIP
CUST004378,113659.45999999999,5,VIP
CUST004379,70085.56999999999,4,VIP
CUST004380,103244.20000000001,3,VIP
CUST004381,121088.55,4,VIP
CUST004382,78011.01000000001,2,VIP
CUST004383,148828.53999999998,7,VIP
CUST004384,9057.470000000001,2,VIP
CUST004385,111315.62,3,VIP
CUST004386,56504.8,3,VIP
CUST004387,159553.09,8,VIP
CUST004388,10882.71,1,VIP
CUST004389,159813.87,7,VIP
CUST004390,9826.24,1,VIP
CUST004391,179902.97,5,VIP
CUST004392,87284.06,3,VIP
CUST004393,195465.16999999998,6,VIP
CUST004394,45878.63,3,VIP
CUST004395,216641.31,6,VIP
CUST004396,111654.1,3,VIP
CUST004397,64204.37,3,VIP
CUST004398,161336.89,5,VIP
CUST004399,104484.04,4,VIP
CUST004400,92719.44,4,VIP
CUST004401,134813.93,7,VIP
CUST004402,159809.19,7,VIP
CUST004403,76148.04,3,VIP
CUST004404,207133.11,6,VIP
CUST004405,9672.24,1,VIP
CUST004406,88048.07999999999,2,VIP
CUST004407,6030.34,1,VIP
CUST004408,168999.37,5,VIP
CUST004409,133878.3,6,VIP
CUST004410,76572.76,4,VIP
CUST004411,64352.03,3,VIP
CUST004412,134995.71,5,VIP
CUST004413,118967.2,3,VIP
CUST004414,212152.75,6,VIP
CUST004415,42918.31,2,VIP
CUST004416,68249.58,3,VIP
CUST004417,35238.97,1,VIP
CUST004418,107579.65,4,VIP
CUST004419,27742.09,2,VIP
CUST004420,133446.02000000002,4,VIP
CUST004421,109332.48999999999,5,VIP
CUST004422,190764.91999999998,6,VIP
CUST004423,143744.43,6,VIP
CUST004424,137250.48,5,VIP
CUST004425,131455.39,7,VIP
CUST004426,85252.17,6,VIP
CUST004427,57837.39,3,VIP
CUST004428,20605.3,2,VIP
CUST004429,115853.96,5,VIP
CUST004430,98023.86,4,VIP
CUST004431,89340.32,3,VIP
CUST004432,64842.93,3,VIP
CUST004433,157694.4,6,VIP
CUST004434,259081.79,8,VIP
CUST004435,148042.29,5,VIP
CUST004437,112591.06,4,VIP
CUST004438,231299.25999999998,8,VIP
CUST004439,119644.87,4,VIP
CUST004440,75142.58,4,VIP
CUST004441,124256.76000000001,3,VIP
CUST004442,44071.98,1,VIP
CUST004443,221553.65,6,VIP
CUST004444,70484.11,4,VIP
CUST004445,175825.34,7,VIP
CUST004446,68373.06,3,VIP
CUST004447,99159.43000000001,5,VIP
CUST004448,34537.270000000004,2,VIP
CUST004449,137126.73,4,VIP
CUST004450,165610.43,5,VIP
CUST004451,148193.43,6,VIP
CUST004452,58721.909999999996,3,VIP
CUST004453,100151.97,3,VIP
CUST004454,61368.47,3,VIP
CUST004455,182391.55,5,VIP
CUST004456,81351.09,3,VIP
CUST004457,73302.39,4,VIP
CUST004458,42963.98999999999,3,VIP
CUST004459,126106.04,7,VIP
CUST004460,39624.54,2,VIP
CUST004461,244254.31,8,VIP
CUST004462,84662.66,4,VIP
CUST004463,67265.56999999999,5,VIP
CUST004464,350356.13,12,VIP
CUST004465,94928.27,3,VIP
CUST004466,113477.61,4,VIP
CUST004467,131832.02000000002,4,VIP
CUST004468,14328.170000000002,2,VIP
CUST004469,166629.82,7,VIP
CUST004470,56683.11,3,VIP
CUST004471,75894.23999999999,2,VIP
CUST004472,93574.79000000001,3,VIP
CUST004473,139286.75,5,VIP
CUST004474,53269.54,3,VIP
CUST004475,128944.86,5,VIP
CUST004476,237622.21,8,VIP
CUST004477,170609.43,7,VIP
CUST004478,46125.31,1,VIP
CUST004479,116040.8,4,VIP
CUST004480,236205.35,7,VIP
CUST004481,58163.82,2,VIP
CUST004482,34172.28,2,VIP
CUST004483,123970.18,4,VIP
CUST004484,108862.14,3,VIP
CUST004485,55203.3,3,VIP
CUST004486,93769.09,3,VIP
CUST004487,124714.34999999999,6,VIP
CUST004488,139155.33,7,VIP
CUST004489,27168.1,2,VIP
CUST004490,125961.4,5,VIP
CUST004491,76555.79000000001,5,VIP
CUST004492,12262.57,2,VIP
CUST004493,115054.59,3,VIP
CUST004494,9433.56,2,VIP
CUST004495,108667.83,3,VIP
CUST004496,96507.7,4,VIP
CUST004497,111704.53,4,VIP
CUST004498,18296.44,1,VIP
CUST004499,127507.03,5,VIP
CUST004500,40825.6,1,VIP
CUST004501,111790.23999999999,3,VIP
CUST004502,186534.76,7,VIP
CUST004503,17449.93,2,VIP
CUST004504,123947.94,4,VIP
CUST004505,136393.32,6,VIP
CUST004506,36567.84,1,VIP
CUST004507,106688.98000000001,4,VIP
CUST004508,61213.83,3,VIP
CUST004509,21258.66,1,VIP
CUST004510,213436.31,8,VIP
CUST004511,79982.69,2,VIP
CUST004512,88461.70999999999,2,VIP
CUST004513,24093.31,1,VIP
CUST004514,51626.71000000001,2,VIP
CUST004516,71506.55,3,VIP
CUST004517,132143.14,6,VIP
CUST004518,47283.57,3,VIP
CUST004519,61126.18,4,VIP
CUST004520,101139.98,4,VIP
CUST004521,60268.03,2,VIP
CUST004522,97002.31,4,VIP
CUST004524,69901.34,3,VIP
CUST004525,116425.13,5,VIP
CUST004526,22686.5,2,VIP
CUST004527,121747.59,5,VIP
CUST004528,121903.58,5,VIP
CUST004529,154317.27000000002,5,VIP
CUST004530,209740.02,6,VIP
CUST004531,91215.56,3,VIP
CUST004532,92000.38,5,VIP
CUST004533,90766.34,5,VIP
CUST004534,95494.3,3,VIP
CUST004535,257102.96000000002,7,VIP
CUST004536,47908.759999999995,3,VIP
CUST004537,151861.78,6,VIP
CUST004538,16664.04,2,VIP
CUST004539,88385.13,5,VIP
CUST004540,121258.37,5,VIP
CUST004541,88254.65,3,VIP
CUST004542,44998.17,3,VIP
CUST004543,253389.75,7,VIP
CUST004544,225598.51,7,VIP
CUST004545,102901.02,5,VIP
CUST004546,71132.92,5,VIP
CUST004547,193360.78,7,VIP
CUST004548,179658.72,8,VIP
CUST004549,121521.82,6,VIP
CUST004550,104524.63,5,VIP
CUST004551,61298.47,2,VIP
CUST004552,108239.5,4,VIP
CUST004553,46934.05,3,VIP
CUST004554,41999.16,2,VIP
CUST004555,44587.18,4,VIP
CUST004556,46300.82,2,VIP
CUST004557,146615.27000000002,4,VIP
CUST004558,213309.91,7,VIP
CUST004559,96682.6,5,VIP
CUST004560,64353.25,6,VIP
CUST004561,87979.85,4,VIP
CUST004562,102237.09000000001,3,VIP
CUST004563,82599.54999999999,3,VIP
CUST004564,134666.58000000002,4,VIP
CUST004565,85196.46,3,VIP
CUST004566,75981.11,3,VIP
CUST004567,101312.78,4,VIP
CUST004568,123365.94,7,VIP
CUST004569,47248.08,2,VIP
CUST004570,187064.6,7,VIP
CUST004571,81136.73999999999,3,VIP
CUST004572,30464.21,3,VIP
CUST004573,91410.61,4,VIP
CUST004574,88777.24,3,VIP
CUST004575,10552.1,1,VIP
CUST004576,207623.97,8,VIP
CUST004577,85034.03,3,VIP
CUST004578,178990.30000000002,7,VIP
CUST004579,127203.35,4,VIP
CUST004580,181273.88,6,VIP
CUST004581,68715.41,4,VIP
CUST004582,131610.59,6,VIP
CUST004583,43622.2,1,VIP
CUST004584,116007.45999999999,4,VIP
CUST004585,93072.6,3,VIP
CUST004586,89778.95999999999,4,VIP
CUST004587,165553.34,6,VIP
CUST004588,130231.42,4,VIP
CUST004589,142881.82,6,VIP
CUST004590,64090.35,3,VIP
CUST004591,166793.99,5,VIP
CUST004592,43361.31,1,VIP
CUST004593,107462.3,7,VIP
CUST004594,57809.67,2,VIP
CUST004595,80280.92,3,VIP
CUST004596,60560.03,3,VIP
CUST004597,101628.51000000001,3,VIP
CUST004598,123566.38,8,VIP
CUST004599,110291.28,4,VIP
CUST004600,41159.59,3,VIP
CUST004601,15060.71,2,VIP
CUST004602,236639.84,9,VIP
CUST004603,70299.73,2,VIP
CUST004604,155082.52000000002,6,VIP
CUST004605,88737.25,3,VIP
CUST004606,13876.02,1,VIP
CUST004607,45036.119999999995,2,VIP
CUST004608,44689.25,2,VIP
CUST004609,69491.82,2,VIP
CUST004610,62370.659999999996,3,VIP
CUST004611,116595.91,4,VIP
CUST004612,60723.75,6,VIP
CUST004613,79439.70999999999,4,VIP
CUST004614,103952.23,4,VIP
CUST004616,128422.67000000001,7,VIP
CUST004617,143113.27,5,VIP
CUST004619,132526.22999999998,5,VIP
CUST004620,175913.5,6,VIP
CUST004621,90534.22,4,VIP
CUST004622,64880.97,3,VIP
CUST004623,129366.22,4,VIP
CUST004624,169805.15,6,VIP
CUST004625,90255.7,5,VIP
CUST004626,12277.02,1,VIP
CUST004627,124544.89,3,VIP
CUST004628,37536.41,3,VIP
CUST004629,95285.6,4,VIP
CUST004630,93396.04000000001,4,VIP
CUST004631,77016.39,3,VIP
CUST004632,14669.32,1,VIP
CUST004633,155435.88,6,VIP
CUST004634,71681.67,4,VIP
CUST004635,144701.72999999998,5,VIP
CUST004636,73473.36,5,VIP
CUST004637,47521.54,3,VIP
CUST004638,142635.2,4,VIP
CUST004639,206570.02000000002,8,VIP
CUST004640,47181.729999999996,3,VIP
CUST004641,165401.99,7,VIP
CUST004642,149829.4,5,VIP
CUST004643,183989.58,8,VIP
CUST004644,60131.56,3,VIP
CUST004645,99145.93,4,VIP
CUST004646,135138.06,5,VIP
CUST004647,75708.45000000001,3,VIP
CUST004648,104108.61,4,VIP
CUST004649,184868.09,6,VIP
CUST004650,102796.18,4,VIP
CUST004651,30708.25,1,VIP
CUST004652,109345.41,4,VIP
CUST004653,237063.73,7,VIP
CUST004654,145712.09000000003,4,VIP
CUST004655,181716.08,7,VIP
CUST004656,32128.980000000003,2,VIP
CUST004657,129858.67,4,VIP
CUST004658,248755.95,7,VIP
CUST004659,77812.3,3,VIP
CUST004660,139118.08,7,VIP
CUST004661,88767.47,3,VIP
CUST004662,172626.76,7,VIP
CUST004663,195526.82,5,VIP
CUST004664,23974.4,1,VIP
CUST004666,84437.48,3,VIP
CUST004667,104133.85,3,VIP
CUST004668,116027.85,4,VIP
CUST004669,39259.850000000006,3,VIP
CUST004670,88966.4,3,VIP
CUST004671,211221.62999999998,9,VIP
CUST004672,86561.11,3,VIP
CUST004673,62997.22,3,VIP
CUST004674,121226.45000000001,5,VIP
CUST004675,89848.48999999999,3,VIP
CUST004676,69888.64,5,VIP
CUST004677,38563.009999999995,3,VIP
CUST004678,101209.29000000001,5,VIP
CUST004679,224214.80000000002,9,VIP
CUST004680,57437.9,3,VIP
CUST004681,202532.55,7,VIP
CUST004682,77831.0,4,VIP
CUST004683,108672.34,5,VIP
CUST004684,47180.34,3,VIP
CUST004685,182604.4,5,VIP
CUST004686,74587.55,4,VIP
CUST004687,26018.269999999997,2,VIP
CUST004688,34453.65,3,VIP
CUST004689,14994.1,1,VIP
CUST004690,84311.32,4,VIP
CUST004691,32546.83,1,VIP
CUST004692,88268.46,3,VIP
CUST004693,51576.34,3,VIP
CUST004694,63510.579999999994,4,VIP
CUST004695,58133.24,4,VIP
CUST004696,220451.93,6,VIP
CUST004697,74428.02,4,VIP
CUST004698,67802.64,3,VIP
CUST004699,64691.59,2,VIP
CUST004700,70682.43000000001,2,VIP
CUST004701,38001.38,3,VIP
CUST004702,177514.91999999998,7,VIP
CUST004703,158274.72999999998,4,VIP
CUST004704,213956.91999999998,7,VIP
CUST004705,75811.45,5,VIP
CUST004706,68759.05,2,VIP
CUST004707,115103.61,5,VIP
CUST004708,151761.12,6,VIP
CUST004709,169368.75,6,VIP
CUST004710,84063.67,3,VIP
CUST004711,52802.15,2,VIP
CUST004712,142167.68,5,VIP
CUST004713,37786.31,3,VIP
CUST004714,169362.0,7,VIP
CUST004715,107415.45,3,VIP
CUST004716,216025.18,8,VIP
CUST004717,174330.7,5,VIP
CUST004718,43742.85,2,VIP
CUST004719,109598.79999999999,3,VIP
CUST004720,62851.15,2,VIP
CUST004721,74320.93,2,VIP
CUST004722,308822.25,8,VIP
CUST004724,141519.59,7,VIP
CUST004725,109410.08,4,VIP
CUST004726,71008.38,5,VIP
CUST004727,105191.65,5,VIP
CUST004728,51554.52,2,VIP
CUST004729,96398.35999999999,3,VIP
CUST004730,63307.78,3,VIP
CUST004731,139869.28,6,VIP
CUST004732,79687.85,3,VIP
CUST004733,13208.02,1,VIP
CUST004734,92681.70999999999,4,VIP
CUST004735,83239.62,5,VIP
CUST004736,65032.68,3,VIP
CUST004737,56560.98,3,VIP
CUST004738,13337.83,1,VIP
CUST004739,93274.6,3,VIP
CUST004740,20304.21,1,VIP
CUST004741,95524.85,4,VIP
CUST004742,48818.549999999996,4,VIP
CUST004743,106923.42,5,VIP
CUST004744,89670.86,3,VIP
CUST004745,179341.24000000002,6,VIP
CUST004746,208318.22999999998,6,VIP
CUST004747,256699.74,8,VIP
CUST004748,53221.18,3,VIP
CUST004749,14234.01,1,VIP
CUST004750,220370.79,9,VIP
CUST004751,106399.05,4,VIP
CUST004752,173146.78,4,VIP
CUST004753,44565.25,3,VIP
CUST004754,206962.34,8,VIP
CUST004755,85729.8,6,VIP
CUST004756,165297.79,5,VIP
CUST004757,112141.69,4,VIP
CUST004758,110000.73999999999,4,VIP
CUST004759,70674.51000000001,5,VIP
CUST004760,98176.4,6,VIP
CUST004761,14513.43,1,VIP
CUST004762,82189.28,3,VIP
CUST004763,73022.18,3,VIP
CUST004764,132938.28,5,VIP
CUST004765,16880.02,2,VIP
CUST004766,101793.0,4,VIP
CUST004767,83647.71,4,VIP
CUST004768,153510.62,5,VIP
CUST004769,40793.33,2,VIP
CUST004770,204438.58000000002,7,VIP
CUST004771,194270.91,8,VIP
CUST004772,30556.56,1,VIP
CUST004773,214924.58000000002,7,VIP
CUST004774,68381.3,3,VIP
CUST004775,170635.81,5,VIP
CUST004776,33303.18,2,VIP
CUST004777,5472.6,1,VIP
CUST004778,126460.51,7,VIP
CUST004779,118965.9,4,VIP
CUST004780,289332.86,8,VIP
CUST004781,10894.69,1,VIP
CUST004782,125984.34,4,VIP
CUST004783,2101.47,1,High Value
CUST004784,77217.70999999999,4,VIP
CUST004785,103389.95999999999,3,VIP
CUST004786,183395.73,8,VIP
CUST004787,38780.26,1,VIP
CUST004788,123900.18,6,VIP
CUST004789,267101.28,9,VIP
CUST004790,199473.73,8,VIP
CUST004791,11678.39,1,VIP
CUST004792,137137.38,5,VIP
CUST004793,35329.54,1,VIP
CUST004794,84387.09,2,VIP
CUST004795,45561.719999999994,3,VIP
CUST004796,267295.52,10,VIP
CUST004797,76913.72,3,VIP
CUST004798,61328.3,2,VIP
CUST004799,32156.05,2,VIP
CUST004800,135459.84,4,VIP
CUST004801,114721.16,4,VIP
CUST004802,70458.08,3,VIP
CUST004803,85226.35,3,VIP
CUST004804,86910.13,3,VIP
CUST004805,116493.36,6,VIP
CUST004806,117414.3,4,VIP
CUST004807,106277.79000000001,5,VIP
CUST004808,52478.719999999994,3,VIP
CUST004809,155256.41,4,VIP
CUST004810,75338.49,6,VIP
CUST004811,138688.79,6,VIP
CUST004812,122910.9,5,VIP
CUST004813,14662.8,1,VIP
CUST004814,95044.14,5,VIP
CUST004815,68273.63,2,VIP
CUST004816,17538.9,2,VIP
CUST004817,22111.36,2,VIP
CUST004818,84713.85,3,VIP
CUST004819,78811.3,3,VIP
CUST004820,38612.82,2,VIP
CUST004821,42032.14,2,VIP
CUST004822,111388.28,4,VIP
CUST004823,30101.039999999997,2,VIP
CUST004824,200728.3,8,VIP
CUST004825,31430.04,2,VIP
CUST004826,35958.880000000005,2,VIP
CUST004827,141201.82,6,VIP
CUST004828,233217.91,6,VIP
CUST004829,54431.92,2,VIP
CUST004830,49846.38,3,VIP
CUST004831,142190.53,6,VIP
CUST004832,74275.76,3,VIP
CUST004833,77601.9,3,VIP
CUST004834,85369.0,4,VIP
CUST004835,176480.89,5,VIP
CUST004836,35812.64,1,VIP
CUST004837,144022.02,5,VIP
CUST004838,63554.16,3,VIP
CUST004839,69321.56,2,VIP
CUST004840,220711.63,7,VIP
CUST004842,213944.83,7,VIP
CUST004843,155959.94,7,VIP
CUST004844,226911.57,8,VIP
CUST004845,91645.91,4,VIP
CUST004846,35651.17,3,VIP
CUST004847,203180.66999999998,7,VIP
CUST004848,177927.97,8,VIP
CUST004849,32136.77,1,VIP
CUST004850,48364.380000000005,3,VIP
CUST004851,9648.69,1,VIP
CUST004852,78310.36,4,VIP
CUST004853,212229.92,7,VIP
CUST004854,261384.78,10,VIP
CUST004855,113685.4,4,VIP
CUST004856,93837.66,3,VIP
CUST004857,50379.25,3,VIP
CUST004858,43183.35,2,VIP
CUST004859,96936.26000000001,4,VIP
CUST004860,63324.11,3,VIP
CUST004861,107383.08,6,VIP
CUST004862,66266.39,3,VIP
CUST004863,120021.76000000001,6,VIP
CUST004864,196859.84,9,VIP
CUST004865,65693.40000000001,5,VIP
CUST004866,148898.80000000002,5,VIP
CUST004867,102721.1,5,VIP
CUST004868,46877.600000000006,4,VIP
CUST004869,109742.95,6,VIP
CUST004870,71321.03,3,VIP
CUST004871,38589.67,3,VIP
CUST004872,176013.16999999998,6,VIP
CUST004873,227533.74,7,VIP
CUST004874,38174.93,2,VIP
CUST004875,133185.3,4,VIP
CUST004876,74322.75,5,VIP
CUST004877,79185.28,4,VIP
CUST004878,34869.94,1,VIP
CUST004879,167187.41,8,VIP
CUST004880,90146.22,4,VIP
CUST004881,119118.12000000001,4,VIP
CUST004882,33057.51,4,VIP
CUST004883,125649.42,6,VIP
CUST004884,90087.13,4,VIP
CUST004885,90473.89,5,VIP
CUST004886,65474.33,3,VIP
CUST004887,128108.9,4,VIP
CUST004888,105750.92,6,VIP
CUST004889,123183.70999999999,5,VIP
CUST004890,81319.32,3,VIP
CUST004891,234334.6,9,VIP
CUST004892,23990.65,3,VIP
CUST004893,109784.28000000001,4,VIP
CUST004894,72231.77,3,VIP
CUST004895,133738.41999999998,6,VIP
CUST004896,255331.44,9,VIP
CUST004897,132940.57,8,VIP
CUST004898,101238.52,5,VIP
CUST004899,26494.17,1,VIP
CUST004900,27126.23,1,VIP
CUST004901,60529.380000000005,2,VIP
CUST004902,44932.52,2,VIP
CUST004903,99771.06999999999,5,VIP
CUST004904,143592.08000000002,6,VIP
CUST004905,134816.75,4,VIP
CUST004906,158794.66,5,VIP
CUST004907,56184.52,2,VIP
CUST004908,64204.41,2,VIP
CUST004909,68401.12,3,VIP
CUST004910,183942.35,5,VIP
CUST004911,61323.44,4,VIP
CUST004912,192537.87,7,VIP
CUST004913,77806.15,3,VIP
CUST004914,63093.54,2,VIP
CUST004915,24765.86,3,VIP
CUST004916,35677.34,2,VIP
CUST004917,43625.47,2,VIP
CUST004918,58997.02,3,VIP
CUST004919,97201.62,3,VIP
CUST004920,40462.87,3,VIP
CUST004921,160909.21,6,VIP
CUST004922,176859.49,5,VIP
CUST004923,50009.0,3,VIP
CUST004924,161079.9,5,VIP
CUST004925,90627.89,4,VIP
CUST004926,126745.25,6,VIP
CUST004927,44047.48,1,VIP
CUST004928,166551.80000000002,6,VIP
CUST004929,91874.88,6,VIP
CUST004930,90299.55,3,VIP
CUST004931,28024.68,3,VIP
CUST004932,157597.13,6,VIP
CUST004933,196595.81,7,VIP
CUST004934,153804.34,4,VIP
CUST004935,131427.43,4,VIP
CUST004936,171097.32,9,VIP
CUST004937,77372.16,4,VIP
CUST004938,83386.52,3,VIP
CUST004939,64178.61,4,VIP
CUST004940,128764.9,5,VIP
CUST004941,247948.35,8,VIP
CUST004942,40258.60999999999,2,VIP
CUST004943,49750.96,1,VIP
CUST004944,20858.23,1,VIP
CUST004945,169845.39,7,VIP
CUST004946,118133.61,7,VIP
CUST004947,51962.899999999994,2,VIP
CUST004948,267863.72000000003,8,VIP
CUST004949,103210.66,5,VIP
CUST004950,48104.69,4,VIP
CUST004951,125355.63,6,VIP
CUST004952,47497.55,3,VIP
CUST004953,80757.13,6,VIP
CUST004954,38026.17999999999,2,VIP
CUST004955,28451.359999999997,3,VIP
CUST004956,71440.49,4,VIP
CUST004957,153981.74,5,VIP
CUST004958,215627.75,8,VIP
CUST004959,200741.63,6,VIP
CUST004960,113624.01999999999,5,VIP
CUST004961,219517.64,6,VIP
CUST004962,117870.85,5,VIP
CUST004963,170614.89,7,VIP
CUST004964,160236.25999999998,5,VIP
CUST004965,63581.229999999996,3,VIP
CUST004966,89453.65,3,VIP
CUST004967,154580.61,7,VIP
CUST004968,114543.29,4,VIP
CUST004969,118923.27,4,VIP
CUST004970,20418.69,2,VIP
CUST004971,142206.83000000002,7,VIP
CUST004972,272326.33,9,VIP
CUST004973,137455.89,6,VIP
CUST004974,23900.28,2,VIP
CUST004975,88677.95,2,VIP
CUST004976,134367.26,6,VIP
CUST004977,95000.17,6,VIP
CUST004978,69594.94,4,VIP
CUST004979,75837.48999999999,2,VIP
CUST004980,123943.72,4,VIP
CUST004981,133849.99,5,VIP
CUST004982,182892.79,7,VIP
CUST004983,200664.85,6,VIP
CUST004984,90183.31999999999,4,VIP
CUST004985,92638.05,5,VIP
CUST004986,148549.1,6,VIP
CUST004987,97886.9,3,VIP
CUST004988,172588.61,8,VIP
CUST004989,184253.14,7,VIP
CUST004990,126341.41,5,VIP
CUST004991,146676.19,4,VIP
CUST004992,60747.729999999996,4,VIP
CUST004993,67163.02,3,VIP
CUST004994,92447.16,4,VIP
CUST004995,97987.92,3,VIP
CUST004996,73019.76000000001,2,VIP
CUST004997,121175.5,3,VIP
CUST004998,19571.56,1,VIP
CUST004999,12348.5,1,VIP
CUST005000,62158.399999999994,3,VIP
CUST005001,33745.51,3,VIP
CUST005002,68064.72,8,VIP
CUST005003,88204.02,3,VIP
CUST005004,56356.62,2,VIP
CUST005005,144121.16999999998,4,VIP
CUST005006,81118.81,2,VIP
CUST005007,72093.12,3,VIP
CUST005008,281431.3,8,VIP
CUST005009,111194.61,6,VIP
CUST005010,127751.66,4,VIP
CUST005011,128969.61,4,VIP
CUST005012,78551.05,2,VIP
CUST005013,159039.96,6,VIP
CUST005014,77420.97,3,VIP
CUST005015,72876.23999999999,3,VIP
CUST005016,249697.73,11,VIP
CUST005017,98981.17,4,VIP
CUST005018,85277.55,3,VIP
CUST005019,109932.99,4,VIP
CUST005020,68349.13,2,VIP
CUST005021,77851.82,4,VIP
CUST005022,149647.89,5,VIP
CUST005023,140443.35,4,VIP
CUST005024,88748.47,4,VIP
CUST005025,31991.440000000002,3,VIP
CUST005026,105839.17,3,VIP
CUST005027,92031.38,4,VIP
CUST005028,85044.88,4,VIP
CUST005029,103550.05,5,VIP
CUST005030,232289.95,7,VIP
CUST005031,168408.83000000002,6,VIP
CUST005032,140364.06,6,VIP
CUST005033,53050.37,2,VIP
CUST005034,218462.88999999998,7,VIP
CUST005035,141698.68,4,VIP
CUST005036,112470.55,3,VIP
CUST005037,151116.58000000002,5,VIP
CUST005038,140979.04,5,VIP
CUST005039,166577.57,8,VIP
CUST005040,61045.33,3,VIP
CUST005041,47447.74,2,VIP
CUST005042,46518.88,3,VIP
CUST005043,96036.41,5,VIP
CUST005044,171028.32,5,VIP
CUST005045,42806.15,3,VIP
CUST005046,210328.25,6,VIP
CUST005047,126784.43,6,VIP
CUST005048,68498.44,3,VIP
CUST005049,33687.31,1,VIP
CUST005050,249127.34,10,VIP
CUST005052,99549.92,4,VIP
CUST005053,95364.5,3,VIP
CUST005054,143197.36,4,VIP
CUST005055,43489.36,2,VIP
CUST005056,49362.17,2,VIP
CUST005057,171710.96,6,VIP
CUST005058,68199.36,3,VIP
CUST005059,60624.95,2,VIP
CUST005060,196861.68000000002,7,VIP
CUST005061,52332.35,2,VIP
CUST005062,97341.85,3,VIP
CUST005063,118339.16,3,VIP
CUST005064,93487.98999999999,3,VIP
CUST005065,113002.11,4,VIP
CUST005066,50861.32,2,VIP
CUST005067,165764.69,5,VIP
CUST005068,58841.72,3,VIP
CUST005069,65934.55,3,VIP
CUST005070,45512.54,1,VIP
CUST005071,177765.88,5,VIP
CUST005072,119669.0,5,VIP
CUST005073,92715.07,4,VIP
CUST005074,114833.38,4,VIP
CUST005075,43915.89,2,VIP
CUST005076,182279.65999999997,6,VIP
CUST005077,20576.66,1,VIP
CUST005078,106098.84,5,VIP
CUST005079,129060.67,4,VIP
CUST005080,111479.3,4,VIP
CUST005081,31448.57,2,VIP
CUST005082,120239.43,4,VIP
CUST005083,66396.78,2,VIP
CUST005084,132457.81,6,VIP
CUST005085,50541.41,2,VIP
CUST005086,93912.51000000001,5,VIP
CUST005087,135737.96000000002,5,VIP
CUST005088,201233.09,6,VIP
CUST005089,97238.79000000001,5,VIP
CUST005090,111010.07,3,VIP
CUST005091,122846.67,5,VIP
CUST005092,239679.12,11,VIP
CUST005093,169878.3,5,VIP
CUST005094,114126.57,3,VIP
CUST005095,130645.03,5,VIP
CUST005096,78008.52,4,VIP
CUST005097,263642.04,8,VIP
CUST005098,195080.12,5,VIP
CUST005099,123112.14,4,VIP
CUST005100,64438.44,3,VIP
CUST005101,104148.39,5,VIP
CUST005102,72801.8,3,VIP
CUST005103,156773.35,5,VIP
CUST005104,111561.70000000001,4,VIP
CUST005105,97544.31,4,VIP
CUST005106,65882.25,4,VIP
CUST005107,69129.22,4,VIP
CUST005108,88386.47,3,VIP
CUST005109,90040.1,3,VIP
CUST005110,71181.31,2,VIP
CUST005111,156838.62,6,VIP
CUST005112,136653.82,8,VIP
CUST005113,132606.97,6,VIP
CUST005114,74316.07999999999,4,VIP
CUST005115,208015.11,7,VIP
CUST005116,136690.31,6,VIP
CUST005117,304455.16,9,VIP
CUST005118,53275.54,3,VIP
CUST005119,45440.28,3,VIP
CUST005120,140926.74,5,VIP
CUST005121,174313.34,7,VIP
CUST005122,63709.84,4,VIP
CUST005123,61715.11,3,VIP
CUST005124,94152.59,5,VIP
CUST005125,93512.67,7,VIP
CUST005126,15973.82,1,VIP
CUST005127,84381.15,4,VIP
CUST005128,43417.23,3,VIP
CUST005129,135744.43,5,VIP
CUST005130,67550.14,2,VIP
CUST005131,195907.59,8,VIP
CUST005132,175197.80000000002,6,VIP
CUST005133,119043.87,5,VIP
CUST005134,45642.08,1,VIP
CUST005135,83105.62,5,VIP
CUST005137,50659.97,3,VIP
CUST005138,107425.99,5,VIP
CUST005139,52522.03,5,VIP
CUST005140,157688.71,6,VIP
CUST005141,146854.02,6,VIP
CUST005143,29767.8,1,VIP
CUST005144,66309.05,3,VIP
CUST005145,192149.06,7,VIP
CUST005146,116954.29000000001,3,VIP
CUST005147,55400.479999999996,2,VIP
CUST005148,23171.71,1,VIP
CUST005149,84774.61,3,VIP
CUST005150,87803.78,3,VIP
CUST005152,154674.38,5,VIP
CUST005153,92173.64000000001,3,VIP
CUST005154,117750.14,4,VIP
CUST005155,110773.18000000001,5,VIP
CUST005156,76944.27,2,VIP
CUST005157,56717.310000000005,5,VIP
CUST005158,85449.44,2,VIP
CUST005159,35597.65,3,VIP
CUST005160,26752.57,2,VIP
CUST005161,41466.91,1,VIP
CUST005162,180387.74,9,VIP
CUST005163,145517.49,5,VIP
CUST005164,89481.59,3,VIP
CUST005165,11370.61,2,VIP
CUST005166,48023.3,2,VIP
CUST005167,47889.03,3,VIP
CUST005168,110027.42,4,VIP
CUST005169,55994.22,3,VIP
CUST005170,20045.13,1,VIP
CUST005171,189376.96999999997,10,VIP
CUST005172,198873.65,6,VIP
CUST005173,30584.07,3,VIP
CUST005174,55178.369999999995,2,VIP
CUST005175,99755.2,5,VIP
CUST005176,104283.75,4,VIP
CUST005177,52581.45,2,VIP
CUST005178,129648.65000000001,4,VIP
CUST005179,128297.32999999999,4,VIP
CUST005180,70171.76999999999,2,VIP
CUST005181,104959.79000000001,4,VIP
CUST005182,189346.85,7,VIP
CUST005183,180949.21,5,VIP
CUST005184,117310.66,3,VIP
CUST005185,172852.56,5,VIP
CUST005186,147024.07,6,VIP
CUST005187,176529.81,7,VIP
CUST005188,93918.25,4,VIP
CUST005189,85821.52,3,VIP
CUST005190,174389.12,7,VIP
CUST005191,249158.37,7,VIP
CUST005192,99560.3,3,VIP
CUST005193,190071.35,7,VIP
CUST005194,81472.15,4,VIP
CUST005195,39075.07,2,VIP
CUST005196,87009.12,5,VIP
CUST005197,106839.54000000001,6,VIP
CUST005198,15568.53,1,VIP
CUST005200,64523.159999999996,3,VIP
CUST005201,45398.380000000005,2,VIP
CUST005202,89216.89,3,VIP
CUST005203,145274.08,5,VIP
CUST005204,146498.86,6,VIP
CUST005205,4522.71,1,High Value
CUST005206,133165.04,5,VIP
CUST005207,130935.68,6,VIP
CUST005208,92278.83,4,VIP
CUST005209,99977.24,3,VIP
CUST005210,52599.29,3,VIP
CUST005211,44751.01,2,VIP
CUST005212,138219.82,5,VIP
CUST005213,164683.9,6,VIP
CUST005214,151811.89,4,VIP
CUST005215,94924.72,5,VIP
CUST005216,38307.97,1,VIP
CUST005217,184012.04,6,VIP
CUST005218,52263.9,4,VIP
CUST005219,142714.31,5,VIP
CUST005220,82667.65,3,VIP
CUST005221,21123.52,2,VIP
CUST005222,50640.78,3,VIP
CUST005223,168156.61000000002,8,VIP
CUST005224,177359.02,7,VIP
CUST005225,13774.19,2,VIP
CUST005226,155731.0,6,VIP
CUST005227,134896.74,4,VIP
CUST005228,189655.71000000002,8,VIP
CUST005229,19987.58,1,VIP
CUST005231,36377.119999999995,3,VIP
CUST005232,32046.21,1,VIP
CUST005233,26784.41,1,VIP
CUST005234,121579.46,5,VIP
CUST005235,122701.12,4,VIP
CUST005236,170694.19,5,VIP
CUST005237,164141.62,6,VIP
CUST005238,169345.6,6,VIP
CUST005239,196285.51,6,VIP
CUST005240,66128.55,2,VIP
CUST005241,210443.77,7,VIP
CUST005242,108990.06,3,VIP
CUST005243,214034.74,7,VIP
CUST005244,109398.44,3,VIP
CUST005245,48467.39,2,VIP
CUST005246,176472.13,6,VIP
CUST005247,105916.05,5,VIP
CUST005248,264887.06,10,VIP
CUST005249,247295.55,10,VIP
CUST005250,60001.350000000006,3,VIP
CUST005251,64320.31,5,VIP
CUST005252,65070.45,2,VIP
CUST005254,12794.74,1,VIP
CUST005255,157230.44,6,VIP
CUST005256,41781.329999999994,2,VIP
CUST005257,84674.4,3,VIP
CUST005258,226419.55,8,VIP
CUST005259,129613.89,8,VIP
CUST005260,109224.23999999999,4,VIP
CUST005261,175297.69,5,VIP
CUST005262,99903.46,5,VIP
CUST005263,61103.61,3,VIP
CUST005264,78030.24,4,VIP
CUST005265,197867.18,5,VIP
CUST005266,69837.43,3,VIP
CUST005267,14875.94,3,VIP
CUST005268,110377.82,4,VIP
CUST005269,66880.88,3,VIP
CUST005270,21927.37,1,VIP
CUST005271,148862.01,8,VIP
CUST005272,138182.47,4,VIP
CUST005273,184084.01,4,VIP
CUST005274,107001.31,4,VIP
CUST005275,71470.17,3,VIP
CUST005276,40651.06,3,VIP
CUST005277,48231.8,3,VIP
CUST005278,33492.78,4,VIP
CUST005279,113346.54000000001,3,VIP
CUST005280,205182.75,5,VIP
CUST005281,98751.2,5,VIP
CUST005282,132880.4,4,VIP
CUST005283,175004.5,6,VIP
CUST005284,173783.58000000002,5,VIP
CUST005285,123767.83,5,VIP
CUST005286,225080.47999999998,7,VIP
CUST005287,177449.33000000002,7,VIP
CUST005288,77806.92,5,VIP
CUST005289,86578.94,4,VIP
CUST005290,143002.66999999998,5,VIP
CUST005291,156888.7,6,VIP
CUST005292,67861.38,4,VIP
CUST005293,71284.41,5,VIP
CUST005294,99460.75,3,VIP
CUST005295,118433.73,7,VIP
CUST005296,65765.19,2,VIP
CUST005297,98332.04000000001,5,VIP
CUST005298,264189.51,7,VIP
CUST005299,41720.61,2,VIP
CUST005300,23922.91,2,VIP
CUST005301,80264.08,2,VIP
CUST005302,11173.23,1,VIP
CUST005303,109718.93,3,VIP
CUST005304,26974.81,1,VIP
CUST005305,172005.39,6,VIP
CUST005306,103541.48999999999,3,VIP
CUST005307,9758.85,1,VIP
CUST005308,30530.47,2,VIP
CUST005309,65569.66,2,VIP
CUST005310,110170.72,5,VIP
CUST005311,145875.84,7,VIP
CUST005312,103008.19,5,VIP
CUST005313,113426.89000000001,4,VIP
CUST005314,170461.55,6,VIP
CUST005315,63507.14,2,VIP
CUST005316,87293.19,5,VIP
CUST005317,72191.54999999999,2,VIP
CUST005318,62152.26,2,VIP
CUST005319,101070.58,4,VIP
CUST005320,61606.66,2,VIP
CUST005321,90446.51000000001,3,VIP
CUST005322,69620.78,5,VIP
CUST005323,214652.58,7,VIP
CUST005324,190854.02,5,VIP
CUST005325,188544.62,5,VIP
CUST005326,25585.3,1,VIP
CUST005327,93117.04,4,VIP
CUST005328,113792.76,4,VIP
CUST005329,111686.87,3,VIP
CUST005330,38969.0,2,VIP
CUST005331,80666.54000000001,4,VIP
CUST005332,307268.54,12,VIP
CUST005333,37354.47,3,VIP
CUST005334,75926.59,4,VIP
CUST005335,163252.91999999998,6,VIP
CUST005336,136161.3,5,VIP
CUST005337,45402.25,2,VIP
CUST005338,4263.1,1,High Value
CUST005339,82000.33,4,VIP
CUST005340,204417.82,11,VIP
CUST005341,161972.69999999998,6,VIP
CUST005342,123324.91,3,VIP
CUST005343,69855.51000000001,2,VIP
CUST005344,49357.04,3,VIP
CUST005345,130675.43,4,VIP
CUST005346,241591.03,8,VIP
CUST005347,33649.63,1,VIP
CUST005348,110389.78,4,VIP
CUST005349,36758.52,1,VIP
CUST005350,279887.47000000003,10,VIP
CUST005351,29485.46,4,VIP
CUST005352,146648.38,5,VIP
CUST005353,98813.68000000001,4,VIP
CUST005354,85776.17,3,VIP
CUST005355,181407.35,8,VIP
CUST005356,133849.97,5,VIP
CUST005357,68746.28,4,VIP
CUST005358,107359.87,5,VIP
CUST005360,135500.45,6,VIP
CUST005362,40887.25,2,VIP
CUST005363,41554.65,4,VIP
CUST005364,3086.69,1,High Value
CUST005365,93348.38999999998,5,VIP
CUST005366,101933.13,4,VIP
CUST005367,83303.29000000001,4,VIP
CUST005368,94901.31,4,VIP
CUST005369,121013.58,5,VIP
CUST005370,43516.81,1,VIP
CUST005371,42478.130000000005,4,VIP
CUST005372,143773.68,5,VIP
CUST005373,74477.76000000001,3,VIP
CUST005374,93183.87,5,VIP
CUST005375,174060.22,7,VIP
CUST005376,50885.11,3,VIP
CUST005377,123112.81999999999,4,VIP
CUST005378,206155.64,7,VIP
CUST005379,242697.96,7,VIP
CUST005380,160622.02,6,VIP
CUST005381,180359.65,7,VIP
CUST005382,124547.25,6,VIP
CUST005383,42965.049999999996,3,VIP
CUST005384,133340.9,5,VIP
CUST005385,116973.39,3,VIP
CUST005386,68548.94,4,VIP
CUST005387,162320.65,4,VIP
CUST005388,65409.77,2,VIP
CUST005389,74218.16,4,VIP
CUST005390,157338.64,7,VIP
CUST005391,95342.0,3,VIP
CUST005392,95736.28,4,VIP
CUST005393,113207.57999999999,5,VIP
CUST005394,27167.289999999997,2,VIP
CUST005395,64694.0,3,VIP
CUST005396,165638.36000000002,7,VIP
CUST005397,123617.95000000001,4,VIP
CUST005398,133947.02,5,VIP
CUST005399,69659.49,5,VIP
CUST005400,60463.71,3,VIP
CUST005401,116552.44,3,VIP
CUST005402,73513.24,3,VIP
CUST005403,177342.97999999998,7,VIP
CUST005404,44069.0,1,VIP
CUST005405,81867.94,3,VIP
CUST005406,127682.81999999999,6,VIP
CUST005407,167655.7,5,VIP
CUST005408,48486.95,3,VIP
CUST005409,50080.7,2,VIP
CUST005410,77786.68,3,VIP
CUST005411,54509.09,3,VIP
CUST005412,74592.64,3,VIP
CUST005413,118905.12,3,VIP
CUST005414,112505.12,4,VIP
CUST005415,73572.4,3,VIP
CUST005416,255031.47,9,VIP
CUST005417,34781.53,2,VIP
CUST005418,33398.990000000005,2,VIP
CUST005419,107114.91,4,VIP
CUST005420,83385.01000000001,3,VIP
CUST005421,130477.66,4,VIP
CUST005422,47128.57,1,VIP
CUST005423,171154.08000000002,6,VIP
CUST005424,110863.97,3,VIP
CUST005425,134395.66,4,VIP
CUST005426,102595.38,3,VIP
CUST005427,5049.24,3,VIP
CUST005428,63385.490000000005,3,VIP
CUST005429,88813.31,3,VIP
CUST005430,145952.92,6,VIP
CUST005431,113846.51,7,VIP
CUST005432,157384.95,9,VIP
CUST005433,29774.62,2,VIP
CUST005434,57340.58,2,VIP
CUST005435,11076.59,1,VIP
CUST005436,146817.69,7,VIP
CUST005437,136463.42,5,VIP
CUST005438,25658.47,2,VIP
CUST005439,82342.98,4,VIP
CUST005440,83601.58,4,VIP
CUST005441,11496.72,1,VIP
CUST005442,212985.43,7,VIP
CUST005443,34101.590000000004,2,VIP
CUST005444,98817.98,3,VIP
CUST005445,49730.63,2,VIP
CUST005446,108700.21,6,VIP
CUST005447,21279.9,1,VIP
CUST005448,9274.62,2,VIP
CUST005449,82705.07999999999,4,VIP
CUST005450,87257.56,5,VIP
CUST005451,64869.34,2,VIP
CUST005452,116953.22,4,VIP
CUST005453,91821.76000000001,7,VIP
CUST005454,81602.36,3,VIP
CUST005455,109016.63,6,VIP
CUST005456,23579.0,3,VIP
CUST005457,12394.57,1,VIP
CUST005458,199554.0,9,VIP
CUST005459,88198.09,5,VIP
CUST005460,90388.45999999999,4,VIP
CUST005461,60520.3,3,VIP
CUST005462,109635.73,3,VIP
CUST005463,13214.27,1,VIP
CUST005464,111147.58,4,VIP
CUST005465,141276.68,6,VIP
CUST005466,131968.56,6,VIP
CUST005467,73429.26,3,VIP
CUST005468,103977.35999999999,4,VIP
CUST005469,170081.46,5,VIP
CUST005470,59976.94,3,VIP
CUST005471,66761.6,3,VIP
CUST005472,94734.70999999999,3,VIP
CUST005473,178312.93,5,VIP
CUST005474,34581.36,5,VIP
CUST005475,227522.72999999998,7,VIP
CUST005476,30582.65,2,VIP
CUST005477,108727.37,4,VIP
CUST005478,104985.72,4,VIP
CUST005479,76164.34,3,VIP
CUST005480,135665.25,7,VIP
CUST005481,87503.05,3,VIP
CUST005482,91290.54999999999,4,VIP
CUST005483,65071.81,3,VIP
CUST005484,235079.33000000002,7,VIP
CUST005486,43161.79,4,VIP
CUST005487,80718.69,3,VIP
CUST005488,246846.22,11,VIP
CUST005489,87252.89,4,VIP
CUST005490,56094.75,2,VIP
CUST005491,218443.74,8,VIP
CUST005492,123193.57,4,VIP
CUST005493,81172.62,3,VIP
CUST005494,66719.44,2,VIP
CUST005495,91731.99,4,VIP
CUST005496,61070.78999999999,4,VIP
CUST005497,57967.08,3,VIP
CUST005499,165055.12,8,VIP
CUST005500,170452.87,6,VIP
CUST005501,146444.82,5,VIP
CUST005502,207447.72,9,VIP
CUST005503,22829.14,2,VIP
CUST005504,153817.83,4,VIP
CUST005505,129648.2,5,VIP
CUST005506,168165.11,4,VIP
CUST005507,21060.68,4,VIP
CUST005508,130516.37,6,VIP
CUST005509,39224.69,2,VIP
CUST005510,69009.8,3,VIP
CUST005511,101313.25,4,VIP
CUST005512,221134.40999999997,7,VIP
CUST005513,125393.35,5,VIP
CUST005514,48011.54,2,VIP
CUST005515,26032.55,1,VIP
CUST005516,146104.79,4,VIP
CUST005517,110618.75,4,VIP
CUST005518,113421.44,4,VIP
CUST005519,100509.95999999999,4,VIP
CUST005520,54571.21,3,VIP
CUST005521,76577.56,2,VIP
CUST005522,59086.84,4,VIP
CUST005523,144930.0,5,VIP
CUST005524,137658.1,6,VIP
CUST005525,78956.95999999999,3,VIP
CUST005526,94028.88,4,VIP
CUST005527,137466.55,7,VIP
CUST005528,30684.28,1,VIP
CUST005529,105257.82,5,VIP
CUST005530,19426.78,1,VIP
CUST005531,193070.8,5,VIP
CUST005532,109023.34,4,VIP
CUST005533,158638.26,7,VIP
CUST005534,11747.78,1,VIP
CUST005535,174928.3,6,VIP
CUST005536,7193.95,1,VIP
CUST005537,64076.31,3,VIP
CUST005538,148755.22,7,VIP
CUST005539,79152.04,4,VIP
CUST005540,46537.69,2,VIP
CUST005541,154976.47999999998,5,VIP
CUST005542,86796.5,4,VIP
CUST005543,176377.48,7,VIP
CUST005544,216077.35,7,VIP
CUST005545,105686.16,3,VIP
CUST005546,93772.51000000001,4,VIP
CUST005548,173500.31,6,VIP
CUST005549,79252.39,3,VIP
CUST005550,196263.03,7,VIP
CUST005551,132198.65,5,VIP
CUST005552,41173.03,2,VIP
CUST005553,8770.99,1,VIP
CUST005554,33362.71,2,VIP
CUST005555,7635.53,1,VIP
CUST005556,135751.5,4,VIP
CUST005557,52510.96,5,VIP
CUST005558,180200.95,7,VIP
CUST005559,177081.39,7,VIP
CUST005560,55994.55,3,VIP
CUST005561,185738.39,6,VIP
CUST005562,21563.43,1,VIP
CUST005563,111878.64,6,VIP
CUST005564,90986.8,4,VIP
CUST005565,207108.18,9,VIP
CUST005566,120023.69,5,VIP
CUST005567,82237.45000000001,3,VIP
CUST005568,155837.91999999998,4,VIP
CUST005569,98133.23000000001,3,VIP
CUST005570,77629.68,3,VIP
CUST005571,70042.02,3,VIP
CUST005572,105967.51999999999,3,VIP
CUST005573,82023.62,3,VIP
CUST005574,85858.52,6,VIP
CUST005575,99010.25,4,VIP
CUST005576,83862.89,3,VIP
CUST005577,167630.44,6,VIP
CUST005578,153262.16999999998,6,VIP
CUST005579,249089.32,8,VIP
CUST005580,28794.06,2,VIP
CUST005581,104862.37,4,VIP
CUST005582,152313.93,5,VIP
CUST005583,77863.49,3,VIP
CUST005584,25006.98,1,VIP
CUST005585,102432.14,6,VIP
CUST005586,16140.42,1,VIP
CUST005587,90551.34,4,VIP
CUST005588,71392.70000000001,4,VIP
CUST005589,131545.86,6,VIP
CUST005590,83329.51,3,VIP
CUST005592,132753.66,5,VIP
CUST005593,26580.45,1,VIP
CUST005594,96249.09999999999,4,VIP
CUST005595,42359.17,2,VIP
CUST005596,142598.46,6,VIP
CUST005597,160460.79,5,VIP
CUST005598,150482.48,5,VIP
CUST005600,181481.88,8,VIP
CUST005601,30416.25,1,VIP
CUST005602,37504.07,1,VIP
CUST005603,102783.56,5,VIP
CUST005604,184848.41,5,VIP
CUST005605,55919.729999999996,2,VIP
CUST005606,87480.58,3,VIP
CUST005607,17629.42,4,VIP
CUST005608,108002.95,5,VIP
CUST005609,120238.98999999999,4,VIP
CUST005610,85080.87,4,VIP
CUST005611,126987.93000000001,4,VIP
CUST005612,302554.46,9,VIP
CUST005613,54122.479999999996,4,VIP
CUST005614,125894.21,6,VIP
CUST005615,67258.77,3,VIP
CUST005616,54425.2,2,VIP
CUST005617,170887.04,7,VIP
CUST005618,153841.08,5,VIP
CUST005619,76010.18,5,VIP
CUST005620,81878.43,4,VIP
CUST005621,118888.2,4,VIP
CUST005622,124090.2,5,VIP
CUST005623,94979.3,4,VIP
CUST005624,132458.78,4,VIP
CUST005625,20857.2,2,VIP
CUST005626,123539.44,4,VIP
CUST005627,141635.95,4,VIP
CUST005628,51473.1,2,VIP
CUST005629,129808.93,5,VIP
CUST005630,134618.0,4,VIP
CUST005631,183802.69,8,VIP
CUST005632,37631.3,2,VIP
CUST005633,15985.31,1,VIP
CUST005634,15787.75,2,VIP
CUST005635,36045.28,2,VIP
CUST005636,253741.44,11,VIP
CUST005637,104056.72,6,VIP
CUST005638,72285.04999999999,3,VIP
CUST005639,22163.309999999998,3,VIP
CUST005640,216193.53,6,VIP
CUST005641,84864.26,6,VIP
CUST005642,136157.23,5,VIP
CUST005643,12722.22,1,VIP
CUST005644,144668.65,6,VIP
CUST005645,143274.23,4,VIP
CUST005646,12898.51,1,VIP
CUST005647,24699.91,3,VIP
CUST005648,46268.3,3,VIP
CUST005649,132526.33000000002,5,VIP
CUST005650,30797.120000000003,2,VIP
CUST005651,86957.15,3,VIP
CUST005652,138417.28,5,VIP
CUST005653,49472.92,1,VIP
CUST005654,179610.22999999998,6,VIP
CUST005655,125103.13,4,VIP
CUST005656,53996.42,2,VIP
CUST005657,5804.13,1,VIP
CUST005658,90257.11,5,VIP
CUST005659,40269.46,2,VIP
CUST005660,58221.91,2,VIP
CUST005661,129090.69,5,VIP
CUST005662,93225.45999999999,4,VIP
CUST005663,120754.68,5,VIP
CUST005664,70739.08,4,VIP
CUST005665,40556.62,2,VIP
CUST005666,42793.28,2,VIP
CUST005667,211404.68,6,VIP
CUST005668,73257.85,3,VIP
CUST005669,99258.24,3,VIP
CUST005670,4070.63,1,High Value
CUST005671,185274.97999999998,5,VIP
CUST005672,152896.9,5,VIP
CUST005673,153366.2,5,VIP
CUST005674,56289.33,2,VIP
CUST005675,132921.07,4,VIP
CUST005676,71422.39,3,VIP
CUST005677,136543.71,6,VIP
CUST005678,55622.69,2,VIP
CUST005679,97292.88,3,VIP
CUST005680,130746.79,7,VIP
CUST005681,80822.36,3,VIP
CUST005682,124285.29000000001,7,VIP
CUST005683,70568.98,3,VIP
CUST005684,14325.26,1,VIP
CUST005685,128315.91,4,VIP
CUST005686,55685.11,2,VIP
CUST005687,123899.04000000001,4,VIP
CUST005688,57079.0,3,VIP
CUST005689,60009.7,3,VIP
CUST005690,119372.62,5,VIP
CUST005691,156394.93,5,VIP
CUST005692,26566.46,2,VIP
CUST005693,84985.4,3,VIP
CUST005694,94064.94,5,VIP
CUST005695,103533.88,4,VIP
CUST005696,141408.18,5,VIP
CUST005697,19064.72,2,VIP
CUST005698,114120.09,4,VIP
CUST005699,55337.829999999994,3,VIP
CUST005700,117246.39,6,VIP
CUST005701,100968.6,4,VIP
CUST005702,153583.39,5,VIP
CUST005703,118705.76000000001,5,VIP
CUST005704,110561.20999999999,5,VIP
CUST005705,105042.15,5,VIP
CUST005706,95522.31,3,VIP
CUST005707,119386.35,3,VIP
CUST005708,114044.36,4,VIP
CUST005709,80310.92,5,VIP
CUST005710,103635.09,4,VIP
CUST005711,119129.25,5,VIP
CUST005712,31255.32,1,VIP
CUST005713,31494.7,1,VIP
CUST005714,72530.35,3,VIP
CUST005715,25713.63,1,VIP
CUST005716,96757.97,4,VIP
CUST005717,16296.31,1,VIP
CUST005718,43054.11,2,VIP
CUST005719,142863.92,4,VIP
CUST005720,100752.9,3,VIP
CUST005721,128731.68,4,VIP
CUST005722,73152.43000000001,3,VIP
CUST005723,128061.28,5,VIP
CUST005724,114842.66,4,VIP
CUST005725,64517.189999999995,2,VIP
CUST005726,111747.0,4,VIP
CUST005727,106894.33,6,VIP
CUST005728,56153.08,7,VIP
CUST005729,83619.22,4,VIP
CUST005730,68295.73999999999,3,VIP
CUST005731,163560.02,6,VIP
CUST005732,36793.76,2,VIP
CUST005733,73732.98000000001,4,VIP
CUST005734,214134.94,7,VIP
CUST005735,159847.29,5,VIP
CUST005736,70035.91,4,VIP
CUST005737,86483.21,4,VIP
CUST005738,163166.87,8,VIP
CUST005739,127974.54,4,VIP
CUST005740,42182.32,1,VIP
CUST005741,78495.93,5,VIP
CUST005742,90544.06,2,VIP
CUST005743,53962.76,2,VIP
CUST005744,165048.72,7,VIP
CUST005745,110681.37,5,VIP
CUST005746,100600.33,4,VIP
CUST005747,121244.79000000001,4,VIP
CUST005748,127154.09,4,VIP
CUST005749,151080.41999999998,7,VIP
CUST005750,121353.72,7,VIP
CUST005751,25486.79,1,VIP
CUST005752,149366.82,4,VIP
CUST005753,146155.95,5,VIP
CUST005754,64090.89,4,VIP
CUST005756,79619.64,3,VIP
CUST005757,187213.09,6,VIP
CUST005758,92025.41,4,VIP
CUST005759,66707.09,2,VIP
CUST005760,49226.5,3,VIP
CUST005761,86302.75,2,VIP
CUST005762,76380.91,4,VIP
CUST005763,141639.44,5,VIP
CUST005764,148941.36,8,VIP
CUST005765,107269.88,4,VIP
CUST005766,69070.99,2,VIP
CUST005767,11223.78,1,VIP
CUST005768,38479.59,2,VIP
CUST005769,142706.52,4,VIP
CUST005770,204275.4,7,VIP
CUST005771,83787.54000000001,3,VIP
CUST005772,91283.36,4,VIP
CUST005773,38199.07,3,VIP
CUST005774,86812.70000000001,3,VIP
CUST005775,65085.16,2,VIP
CUST005776,21759.58,2,VIP
CUST005777,294456.82,11,VIP
CUST005779,149170.45,7,VIP
CUST005780,78978.64,5,VIP
CUST005781,75742.53,4,VIP
CUST005782,54293.909999999996,2,VIP
CUST005783,167074.32,7,VIP
CUST005784,62052.520000000004,2,VIP
CUST005785,139062.79,5,VIP
CUST005786,185332.02000000002,6,VIP
CUST005787,96873.93000000001,4,VIP
CUST005788,93593.36,4,VIP
CUST005789,11905.25,1,VIP
CUST005790,111935.19,4,VIP
CUST005791,208067.51,8,VIP
CUST005792,62235.41,5,VIP
CUST005793,180218.32,5,VIP
CUST005794,71389.63,3,VIP
CUST005795,77752.31999999999,4,VIP
CUST005796,49234.55,3,VIP
CUST005797,111558.73,5,VIP
CUST005798,12498.89,1,VIP
CUST005799,88818.28,2,VIP
CUST005800,136505.71,5,VIP
CUST005801,157829.88999999998,8,VIP
CUST005802,109811.68000000001,4,VIP
CUST005803,33186.55,2,VIP
CUST005804,101813.97,6,VIP
CUST005805,98584.05,3,VIP
CUST005806,37189.55,3,VIP
CUST005807,37434.19,1,VIP
CUST005808,264365.15,11,VIP
CUST005809,164189.15,5,VIP
CUST005810,118625.35,3,VIP
CUST005811,204964.97,6,VIP
CUST005812,114856.42000000001,4,VIP
CUST005813,40927.630000000005,2,VIP
CUST005814,78042.57,3,VIP
CUST005815,125508.75,3,VIP
CUST005816,49203.630000000005,2,VIP
CUST005817,70610.17,3,VIP
CUST005818,198375.19,6,VIP
CUST005819,37684.95,3,VIP
CUST005820,196371.92,8,VIP
CUST005821,110041.94,6,VIP
CUST005822,146490.74,6,VIP
CUST005823,92755.45,4,VIP
CUST005824,55077.2,3,VIP
CUST005825,120977.39,4,VIP
CUST005826,90702.7,3,VIP
CUST005827,44403.51,4,VIP
CUST005828,131003.98000000001,5,VIP
CUST005829,116726.13,6,VIP
CUST005830,81511.76999999999,2,VIP
CUST005831,148257.02000000002,5,VIP
CUST005832,85056.83,5,VIP
CUST005833,63831.87,4,VIP
CUST005834,99460.5,3,VIP
CUST005835,65520.020000000004,4,VIP
CUST005836,159161.74,6,VIP
CUST005837,63192.380000000005,2,VIP
CUST005838,41915.25,3,VIP
CUST005839,85707.28,6,VIP
CUST005840,49906.41,4,VIP
CUST005841,137653.38,4,VIP
CUST005842,203271.32,6,VIP
CUST005843,138946.84,4,VIP
CUST005844,59568.87,2,VIP
CUST005845,108185.22,7,VIP
CUST005846,123755.75,5,VIP
CUST005847,80669.95,3,VIP
CUST005848,159364.1,6,VIP
CUST005849,36432.92,1,VIP
CUST005850,163376.69999999998,6,VIP
CUST005851,117087.34,4,VIP
CUST005852,85556.73000000001,3,VIP
CUST005853,187502.89,6,VIP
CUST005854,117863.25,4,VIP
CUST005855,133648.07,7,VIP
CUST005856,232951.01,10,VIP
CUST005857,27315.64,3,VIP
CUST005858,164489.21000000002,5,VIP
CUST005859,98989.16,5,VIP
CUST005860,69596.82,4,VIP
CUST005861,118776.28,6,VIP
CUST005862,104467.33,4,VIP
CUST005863,86302.11,3,VIP
CUST005864,340.27,1,Low Value
CUST005865,156383.62,5,VIP
CUST005866,135771.81,7,VIP
CUST005867,119228.27,4,VIP
CUST005868,78424.41,2,VIP
CUST005869,90480.70999999999,6,VIP
CUST005870,82536.5,5,VIP
CUST005871,113639.48999999999,6,VIP
CUST005872,61448.14,3,VIP
CUST005873,86315.86,5,VIP
CUST005874,83455.64,2,VIP
CUST005875,61486.37,4,VIP
CUST005876,52755.200000000004,3,VIP
CUST005877,70564.37000000001,3,VIP
CUST005878,117574.73000000001,3,VIP
CUST005879,166640.16,8,VIP
CUST005880,74918.64,5,VIP
CUST005881,178341.52000000002,5,VIP
CUST005882,89778.67000000001,3,VIP
CUST005884,74991.81,3,VIP
CUST005885,96827.03,4,VIP
CUST005886,137679.89,7,VIP
CUST005887,67473.76000000001,3,VIP
CUST005888,157016.13,5,VIP
CUST005889,99429.27,3,VIP
CUST005890,33310.82,1,VIP
CUST005891,129680.2,4,VIP
CUST005892,63572.92999999999,3,VIP
CUST005893,85180.76999999999,3,VIP
CUST005894,68414.95999999999,2,VIP
CUST005895,189925.57,5,VIP
CUST005896,62853.47,2,VIP
CUST005897,202559.1,9,VIP
CUST005898,65130.18,4,VIP
CUST005899,106475.9,5,VIP
CUST005900,65510.850000000006,3,VIP
CUST005901,45161.55,2,VIP
CUST005902,77911.17,3,VIP
CUST005903,110044.62,3,VIP
CUST005904,87603.53,5,VIP
CUST005905,44735.05,2,VIP
CUST005906,127651.20999999999,4,VIP
CUST005907,37871.2,3,VIP
CUST005908,99969.83,4,VIP
CUST005909,81172.83,3,VIP
CUST005910,205159.12,8,VIP
CUST005911,41507.12,1,VIP
CUST005912,87079.41,4,VIP
CUST005913,38657.67,3,VIP
CUST005914,71467.91,2,VIP
CUST005915,47950.340000000004,2,VIP
CUST005916,134764.40999999997,5,VIP
CUST005917,141511.31,4,VIP
CUST005918,168428.74,6,VIP
CUST005919,32321.36,2,VIP
CUST005920,81962.19,4,VIP
CUST005921,136384.78,7,VIP
CUST005922,133672.9,5,VIP
CUST005923,93358.08,4,VIP
CUST005924,63463.920000000006,3,VIP
CUST005925,83549.38,5,VIP
CUST005926,12254.59,2,VIP
CUST005927,152227.64,5,VIP
CUST005928,192086.76,6,VIP
CUST005929,16514.8,1,VIP
CUST005930,54504.42,4,VIP
CUST005931,143672.63,5,VIP
CUST005932,127683.54000000001,5,VIP
CUST005933,217927.78,8,VIP
CUST005934,3570.3900000000003,2,High Value
CUST005935,86941.56,3,VIP
CUST005936,101680.66,3,VIP
CUST005937,107753.45999999999,4,VIP
CUST005938,122462.69,4,VIP
CUST005939,210937.71000000002,6,VIP
CUST005940,110096.3,5,VIP
CUST005941,5860.69,1,VIP
CUST005942,141621.66999999998,5,VIP
CUST005943,39747.28,3,VIP
CUST005944,79601.22,4,VIP
CUST005945,204813.97,6,VIP
CUST005946,187588.79,7,VIP
CUST005947,14515.52,2,VIP
CUST005948,27114.76,1,VIP
CUST005949,156118.53,7,VIP
CUST005950,104514.48999999999,4,VIP
CUST005951,153348.04,6,VIP
CUST005952,80223.26000000001,5,VIP
CUST005953,29849.69,2,VIP
CUST005954,68233.4,2,VIP
CUST005955,152533.36000000002,5,VIP
CUST005956,27864.81,2,VIP
CUST005957,46661.11,4,VIP
CUST005958,44603.7,3,VIP
CUST005959,229359.56,7,VIP
CUST005960,55058.96,3,VIP
CUST005961,47540.58,1,VIP
CUST005962,47056.68,1,VIP
CUST005963,35267.78,4,VIP
CUST005964,131720.48,7,VIP
CUST005965,75808.39,3,VIP
CUST005966,164443.83,5,VIP
CUST005967,27645.11,3,VIP
CUST005968,70357.48000000001,3,VIP
CUST005969,185298.27000000002,7,VIP
CUST005970,71540.29000000001,4,VIP
CUST005971,30386.46,1,VIP
CUST005972,104660.95999999999,4,VIP
CUST005973,215429.94,6,VIP
CUST005974,66657.22,2,VIP
CUST005975,55007.96,3,VIP
CUST005976,104390.16,6,VIP
CUST005977,235921.73,7,VIP
CUST005978,156569.88,6,VIP
CUST005979,172729.74,6,VIP
CUST005980,156262.92,5,VIP
CUST005981,67709.46,2,VIP
CUST005982,236026.44,7,VIP
CUST005983,118852.55,4,VIP
CUST005984,74031.42,3,VIP
CUST005985,89609.69,3,VIP
CUST005986,53736.130000000005,3,VIP
CUST005987,72931.66,3,VIP
CUST005988,106400.25,4,VIP
CUST005989,122172.85,5,VIP
CUST005990,42256.66,2,VIP
CUST005991,73993.63,2,VIP
CUST005992,162637.66,4,VIP
CUST005993,77823.93,2,VIP
CUST005994,141554.75,4,VIP
CUST005995,28020.54,3,VIP
CUST005996,65086.509999999995,3,VIP
CUST005997,193526.1,9,VIP
CUST005998,46702.14,2,VIP
CUST005999,57306.4,2,VIP
CUST006000,66627.23,5,VIP
CUST006001,150008.56,5,VIP
CUST006002,97017.57,4,VIP
CUST006003,116823.45,4,VIP
CUST006004,88578.65,2,VIP
CUST006005,179830.25,6,VIP
CUST006006,44095.46,4,VIP
CUST006007,11784.88,1,VIP
CUST006008,208613.89,7,VIP
CUST006009,134499.0,4,VIP
CUST006010,162768.59,5,VIP
CUST006011,216201.41,8,VIP
CUST006012,14469.06,2,VIP
CUST006013,65753.36,2,VIP
CUST006014,132817.43,5,VIP
CUST006015,68116.6,2,VIP
CUST006016,175400.48,5,VIP
CUST006017,34919.46,2,VIP
CUST006018,121999.19,4,VIP
CUST006019,121102.92,5,VIP
CUST006020,54445.8,3,VIP
CUST006021,210238.17,8,VIP
CUST006022,77944.14,3,VIP
CUST006023,64250.409999999996,2,VIP
CUST006024,106176.13,4,VIP
CUST006025,293133.95,10,VIP
CUST006026,202800.32,7,VIP
CUST006027,59363.83,4,VIP
CUST006028,156252.55,6,VIP
CUST006029,136039.22999999998,5,VIP
CUST006030,220646.47,6,VIP
CUST006031,132721.45,4,VIP
CUST006032,216740.77,9,VIP
CUST006033,107480.01999999999,5,VIP
CUST006034,80318.4,5,VIP
CUST006035,176392.15,7,VIP
CUST006036,56078.33,2,VIP
CUST006037,78670.03,6,VIP
CUST006038,60366.67,3,VIP
CUST006039,45409.11,3,VIP
CUST006040,24391.54,2,VIP
CUST006041,133812.77,4,VIP
CUST006042,128707.0,6,VIP
CUST006043,139648.71,6,VIP
CUST006044,41914.36,1,VIP
CUST006045,119914.9,5,VIP
CUST006046,89399.70000000001,3,VIP
CUST006047,39541.65,3,VIP
CUST006048,123309.11,5,VIP
CUST006049,110352.83,3,VIP
CUST006050,73321.95999999999,3,VIP
CUST006051,11593.75,1,VIP
CUST006052,62629.130000000005,2,VIP
CUST006053,163701.51,6,VIP
CUST006054,117125.76999999999,5,VIP
CUST006055,118624.81,4,VIP
CUST006056,65340.16,4,VIP
CUST006057,86571.78,3,VIP
CUST006058,202282.49,7,VIP
CUST006059,109034.43000000001,6,VIP
CUST006060,119267.33,4,VIP
CUST006061,118665.05,8,VIP
CUST006062,104915.08,4,VIP
CUST006063,137912.79,9,VIP
CUST006064,81450.26,4,VIP
CUST006065,37284.19,1,VIP
CUST006066,118091.95,4,VIP
CUST006067,79038.32,2,VIP
CUST006068,198120.65,8,VIP
CUST006069,33545.81,2,VIP
CUST006070,55153.020000000004,3,VIP
CUST006071,121395.5,4,VIP
CUST006072,46988.33,1,VIP
CUST006073,25766.42,1,VIP
CUST006074,57867.159999999996,4,VIP
CUST006075,74870.31,4,VIP
CUST006076,59301.43,3,VIP
CUST006077,32823.15,3,VIP
CUST006078,165385.59999999998,5,VIP
CUST006079,175030.46000000002,5,VIP
CUST006080,25058.28,2,VIP
CUST006081,53312.16,3,VIP
CUST006082,81429.72,4,VIP
CUST006083,108044.45999999999,6,VIP
CUST006084,45534.09,2,VIP
CUST006085,45229.24,2,VIP
CUST006086,47693.61,2,VIP
CUST006087,75726.9,3,VIP
CUST006088,101041.34,3,VIP
CUST006089,32212.440000000002,2,VIP
CUST006090,145202.43,7,VIP
CUST006091,22372.38,1,VIP
CUST006092,77457.4,4,VIP
CUST006093,145411.59,7,VIP
CUST006094,90355.17,3,VIP
CUST006095,178372.51,6,VIP
CUST006096,106497.40000000001,4,VIP
CUST006097,79631.76,3,VIP
CUST006098,193918.61,6,VIP
CUST006099,32427.06,1,VIP
CUST006100,18500.26,1,VIP
CUST006101,132414.74,6,VIP
CUST006102,83118.78,4,VIP
CUST006103,116693.09,3,VIP
CUST006104,43011.100000000006,4,VIP
CUST006105,8255.24,1,VIP
CUST006106,85995.63,5,VIP
CUST006107,74399.34,2,VIP
CUST006108,41163.61,2,VIP
CUST006109,110278.66,3,VIP
CUST006110,90047.28,4,VIP
CUST006111,164027.91,5,VIP
CUST006112,49308.29,5,VIP
CUST006113,230100.54,8,VIP
CUST006114,111735.97,4,VIP
CUST006115,15845.400000000001,3,VIP
CUST006116,95797.71,7,VIP
CUST006117,45241.58,2,VIP
CUST006118,261333.26,9,VIP
CUST006119,97154.35,4,VIP
CUST006120,108946.63,4,VIP
CUST006121,85335.98,4,VIP
CUST006122,71969.60999999999,3,VIP
CUST006123,122753.95999999999,5,VIP
CUST006124,22450.31,1,VIP
CUST006125,132912.63,3,VIP
CUST006126,84836.34,3,VIP
CUST006127,94550.08,3,VIP
CUST006128,76931.54000000001,2,VIP
CUST006129,200759.22999999998,6,VIP
CUST006130,158134.99,7,VIP
CUST006131,120958.3,4,VIP
CUST006132,214147.32,6,VIP
CUST006133,6864.76,1,VIP
CUST006134,52045.12,2,VIP
CUST006135,296507.96,8,VIP
CUST006136,47929.97,1,VIP
CUST006137,111406.22,5,VIP
CUST006138,171308.79,6,VIP
CUST006139,42141.46,1,VIP
CUST006140,19265.02,1,VIP
CUST006141,125324.79999999999,4,VIP
CUST006142,53012.65,4,VIP
CUST006143,32690.37,2,VIP
CUST006144,149707.6,6,VIP
CUST006145,143909.97,4,VIP
CUST006146,48599.02,2,VIP
CUST006147,93353.95,4,VIP
CUST006148,65608.11,3,VIP
CUST006149,41272.380000000005,3,VIP
CUST006150,66885.75,3,VIP
CUST006151,138632.75,4,VIP
CUST006152,105618.70999999999,3,VIP
CUST006153,116275.5,4,VIP
CUST006154,93715.94,4,VIP
CUST006155,83654.28,5,VIP
CUST006156,125334.26000000001,4,VIP
CUST006157,158054.41999999998,5,VIP
CUST006158,217510.34,7,VIP
CUST006159,88120.05,4,VIP
CUST006160,107892.29000000001,4,VIP
CUST006161,67223.64,4,VIP
CUST006162,45409.33,1,VIP
CUST006163,42877.159999999996,3,VIP
CUST006164,158385.08000000002,5,VIP
CUST006165,31764.85,1,VIP
CUST006166,95809.95999999999,5,VIP
CUST006167,23506.089999999997,2,VIP
CUST006168,50343.24,3,VIP
CUST006169,113059.37000000001,5,VIP
CUST006170,55643.53,4,VIP
CUST006171,273228.0,10,VIP
CUST006172,96230.28,4,VIP
CUST006173,130961.11,5,VIP
CUST006174,48534.93000000001,3,VIP
CUST006175,68149.43,3,VIP
CUST006176,86569.83,4,VIP
CUST006177,108207.69,4,VIP
CUST006178,134033.52,4,VIP
CUST006179,121203.67,3,VIP
CUST006180,110734.04,6,VIP
CUST006181,43265.990000000005,3,VIP
CUST006182,92425.39,3,VIP
CUST006183,118002.29,4,VIP
CUST006184,173947.38,7,VIP
CUST006185,50600.51,3,VIP
CUST006186,37237.340000000004,2,VIP
CUST006187,133099.29,6,VIP
CUST006188,74699.32,3,VIP
CUST006189,45105.68,1,VIP
CUST006190,86764.57,4,VIP
CUST006191,59173.89,5,VIP
CUST006192,138462.97999999998,5,VIP
CUST006193,43684.63,4,VIP
CUST006194,162815.44,6,VIP
CUST006195,164510.49,4,VIP
CUST006196,56212.850000000006,2,VIP
CUST006197,66777.34,4,VIP
CUST006198,108881.82,4,VIP
CUST006199,155527.43,8,VIP
CUST006200,124651.14,5,VIP
CUST006201,44882.62,3,VIP
CUST006202,130199.34999999999,4,VIP
CUST006203,164816.25999999998,9,VIP
CUST006204,117411.91,3,VIP
CUST006205,82817.97,3,VIP
CUST006206,184036.78,6,VIP
CUST006207,139700.31,5,VIP
CUST006208,159299.34,7,VIP
CUST006209,130807.69,5,VIP
CUST006210,36991.19,3,VIP
CUST006211,19222.58,2,VIP
CUST006212,46849.36,1,VIP
CUST006213,131081.73,4,VIP
CUST006214,213933.5,6,VIP
CUST006215,65071.6,3,VIP
CUST006216,78611.48,4,VIP
CUST006217,10745.2,2,VIP
CUST006218,52026.42,3,VIP
CUST006219,26231.96,1,VIP
CUST006220,70181.87,3,VIP
CUST006221,31972.06,1,VIP
CUST006222,61004.81,2,VIP
CUST006223,153605.56,5,VIP
CUST006224,180562.83,4,VIP
CUST006225,97501.8,5,VIP
CUST006226,51129.090000000004,2,VIP
CUST006227,115735.07999999999,4,VIP
CUST006228,46560.36,1,VIP
CUST006229,87100.94,3,VIP
CUST006230,87398.47,4,VIP
CUST006231,57165.869999999995,3,VIP
CUST006232,204641.27000000002,9,VIP
CUST006233,63207.84,3,VIP
CUST006234,79540.58,3,VIP
CUST006235,168328.59,5,VIP
CUST006236,134306.55000000002,5,VIP
CUST006237,181208.72999999998,6,VIP
CUST006238,71404.18,3,VIP
CUST006239,136413.63,6,VIP
CUST006240,81731.82,2,VIP
CUST006241,114196.85,4,VIP
CUST006242,27805.85,1,VIP
CUST006243,131851.38,5,VIP
CUST006244,93051.2,4,VIP
CUST006245,272031.15,9,VIP
CUST006246,38216.05,3,VIP
CUST006247,161853.13,6,VIP
CUST006248,77496.66,3,VIP
CUST006249,228184.77,8,VIP
CUST006250,54548.21000000001,2,VIP
CUST006251,40822.89,2,VIP
CUST006252,180096.12,6,VIP
CUST006253,210097.72999999998,6,VIP
CUST006254,17584.21,3,VIP
CUST006255,101671.42000000001,3,VIP
CUST006256,99978.17000000001,4,VIP
CUST006257,154428.77,6,VIP
CUST006258,69580.45999999999,3,VIP
CUST006259,116409.92,3,VIP
CUST006260,136148.51,5,VIP
CUST006261,144683.65,5,VIP
CUST006262,224784.0,8,VIP
CUST006263,62778.31,3,VIP
CUST006264,31504.079999999998,2,VIP
CUST006265,45319.95,2,VIP
CUST006266,119861.20999999999,5,VIP
CUST006267,90563.97,4,VIP
CUST006268,116689.25,7,VIP
CUST006269,89219.28,5,VIP
CUST006270,63645.31,2,VIP
CUST006271,138841.04,4,VIP
CUST006272,111548.81,6,VIP
CUST006273,82750.75,3,VIP
CUST006274,115981.18,4,VIP
CUST006275,58130.05,2,VIP
CUST006276,88738.92,3,VIP
CUST006278,45336.76,3,VIP
CUST006279,133169.63,5,VIP
CUST006280,91029.36,5,VIP
CUST006281,152471.0,4,VIP
CUST006282,66726.6,4,VIP
CUST006283,88962.92,6,VIP
CUST006284,29869.73,2,VIP
CUST006285,105461.52,4,VIP
CUST006286,131911.77,5,VIP
CUST006287,58242.28999999999,2,VIP
CUST006288,103628.58,5,VIP
CUST006289,103145.49,4,VIP
CUST006290,150502.83000000002,6,VIP
CUST006291,85493.09,2,VIP
CUST006292,95192.39,4,VIP
CUST006293,137971.36000000002,4,VIP
CUST006294,84318.34999999999,4,VIP
CUST006295,82634.92,3,VIP
CUST006296,38640.71000000001,4,VIP
CUST006297,70587.4,4,VIP
CUST006298,126631.79000000001,5,VIP
CUST006299,113144.65,6,VIP
CUST006300,79279.3,6,VIP
CUST006301,135424.09,5,VIP
CUST006302,50124.4,3,VIP
CUST006303,77683.29000000001,2,VIP
CUST006304,271244.02,7,VIP
CUST006305,108173.56,4,VIP
CUST006306,114686.59,3,VIP
CUST006307,133682.36000000002,6,VIP
CUST006308,63065.25,3,VIP
CUST006309,125417.93,6,VIP
CUST006310,145726.36,5,VIP
CUST006311,18573.56,1,VIP
CUST006312,154608.86000000002,5,VIP
CUST006313,130185.5,6,VIP
CUST006314,39103.1,1,VIP
CUST006315,123523.37,5,VIP
CUST006316,63157.08,3,VIP
CUST006317,69684.34999999999,4,VIP
CUST006318,50378.13,3,VIP
CUST006319,58699.560000000005,2,VIP
CUST006320,128730.74,7,VIP
CUST006321,73360.70999999999,2,VIP
CUST006322,65540.74,3,VIP
CUST006323,85444.1,4,VIP
CUST006324,185236.64,5,VIP
CUST006325,51950.13,2,VIP
CUST006326,72134.68,3,VIP
CUST006327,88433.99,4,VIP
CUST006328,136144.78,7,VIP
CUST006329,111274.17,4,VIP
CUST006330,34364.5,1,VIP
CUST006331,97139.42,6,VIP
CUST006332,62984.68,4,VIP
CUST006333,105575.22,4,VIP
CUST006334,43548.29,3,VIP
CUST006335,130145.94,5,VIP
CUST006336,136595.37,6,VIP
CUST006338,49958.270000000004,2,VIP
CUST006339,73322.75,2,VIP
CUST006340,35239.2,3,VIP
CUST006341,58084.93,2,VIP
CUST006342,30270.52,2,VIP
CUST006343,201642.86,6,VIP
CUST006344,128772.25,4,VIP
CUST006345,26699.03,2,VIP
CUST006346,55649.2,3,VIP
CUST006347,88407.8,4,VIP
CUST006348,65866.09,3,VIP
CUST006349,192986.01,6,VIP
CUST006350,251305.24,8,VIP
CUST006351,134767.75,5,VIP
CUST006352,127857.53,3,VIP
CUST006353,77440.0,5,VIP
CUST006354,111995.87,3,VIP
CUST006355,87434.25,3,VIP
CUST006356,239445.74,7,VIP
CUST006357,126899.66,4,VIP
CUST006358,13233.72,1,VIP
CUST006359,121895.62000000001,4,VIP
CUST006360,71864.98,3,VIP
CUST006361,60226.03999999999,2,VIP
CUST006362,137454.46,4,VIP
CUST006363,50401.100000000006,2,VIP
CUST006364,157294.56,7,VIP
CUST006365,198077.98,7,VIP
CUST006366,41849.72,1,VIP
CUST006367,147808.62,5,VIP
CUST006368,197666.07,5,VIP
CUST006369,72920.66,3,VIP
CUST006370,9135.37,1,VIP
CUST006371,163776.98,7,VIP
CUST006372,737.34,1,Mid Value
CUST006373,34404.479999999996,2,VIP
CUST006374,154984.53,5,VIP
CUST006375,93192.95,4,VIP
CUST006376,20044.9,2,VIP
CUST006377,127279.74,7,VIP
CUST006378,119691.89,3,VIP
CUST006379,88622.97,5,VIP
CUST006380,75839.47,3,VIP
CUST006381,45416.08,2,VIP
CUST006382,50202.11,3,VIP
CUST006383,69932.77,3,VIP
CUST006384,49470.46,2,VIP
CUST006385,47655.2,2,VIP
CUST006386,113198.71,6,VIP
CUST006387,13256.24,2,VIP
CUST006388,205047.59,5,VIP
CUST006389,117486.88,5,VIP
CUST006390,75080.57,4,VIP
CUST006391,27060.64,3,VIP
CUST006392,44935.27,2,VIP
CUST006393,123370.59,4,VIP
CUST006394,58249.8,3,VIP
CUST006395,106519.06,4,VIP
CUST006396,195927.26,6,VIP
CUST006397,41691.15,1,VIP
CUST006398,59589.58,3,VIP
CUST006399,101419.72,6,VIP
CUST006400,116708.45999999999,4,VIP
CUST006401,108968.20000000001,4,VIP
CUST006402,94332.54,4,VIP
CUST006403,65168.86,2,VIP
CUST006404,59858.38,4,VIP
CUST006405,64712.67,3,VIP
CUST006406,39722.89,2,VIP
CUST006407,8672.06,1,VIP
CUST006408,149480.97,6,VIP
CUST006409,84579.05,4,VIP
CUST006410,174555.96,6,VIP
CUST006411,142425.71000000002,4,VIP
CUST006412,115028.70999999999,4,VIP
CUST006413,93986.27,3,VIP
CUST006414,3454.76,1,High Value
CUST006415,69076.77,4,VIP
CUST006416,109219.62,4,VIP
CUST006417,216783.90000000002,7,VIP
CUST006418,47515.84,3,VIP
CUST006419,161969.98,6,VIP
CUST006420,16954.83,2,VIP
CUST006421,30047.02,2,VIP
CUST006422,58124.759999999995,2,VIP
CUST006423,181254.35,5,VIP
CUST006424,70047.91,4,VIP
CUST006425,164021.64,5,VIP
CUST006426,92535.03,5,VIP
CUST006427,148948.63,5,VIP
CUST006428,49319.94,3,VIP
CUST006429,151231.1,5,VIP
CUST006430,32838.73,2,VIP
CUST006431,81543.31,5,VIP
CUST006432,139442.41,6,VIP
CUST006434,114254.3,3,VIP
CUST006435,87883.51000000001,5,VIP
CUST006436,113473.75,4,VIP
CUST006437,36545.93,2,VIP
CUST006438,131497.76,5,VIP
CUST006439,64412.41,6,VIP
CUST006440,83581.7,4,VIP
CUST006441,152550.04,6,VIP
CUST006442,67458.09,3,VIP
CUST006443,51356.04,3,VIP
CUST006444,138464.19,4,VIP
CUST006445,168806.4,7,VIP
CUST006446,24825.08,2,VIP
CUST006447,44772.72,2,VIP
CUST006448,151392.6,4,VIP
CUST006449,188093.59999999998,6,VIP
CUST006450,67461.06999999999,3,VIP
CUST006451,125823.44,4,VIP
CUST006452,105105.07,4,VIP
CUST006453,52437.52,2,VIP
CUST006454,159259.39,5,VIP
CUST006455,38118.97,2,VIP
CUST006456,129828.9,4,VIP
CUST006457,34771.240000000005,2,VIP
CUST006458,194562.19,8,VIP
CUST006459,42510.399999999994,3,VIP
CUST006460,74509.22,2,VIP
CUST006461,193829.4,5,VIP
CUST006462,44791.130000000005,2,VIP
CUST006463,61273.59999999999,5,VIP
CUST006464,183642.01,6,VIP
CUST006465,41781.79,3,VIP
CUST006466,121317.97,4,VIP
CUST006467,104032.62000000001,5,VIP
CUST006468,147458.92,5,VIP
CUST006469,162423.18,6,VIP
CUST006470,15833.04,1,VIP
CUST006471,82190.55,3,VIP
CUST006472,102824.73999999999,3,VIP
CUST006473,106005.38,3,VIP
CUST006474,144343.96000000002,4,VIP
CUST006476,51307.19,2,VIP
CUST006477,178726.64,6,VIP
CUST006478,51006.53,2,VIP
CUST006479,119847.6,3,VIP
CUST006480,84043.19,2,VIP
CUST006481,23122.57,1,VIP
CUST006482,112914.63,3,VIP
CUST006483,114874.14000000001,7,VIP
CUST006484,134532.22,5,VIP
CUST006485,14178.16,1,VIP
CUST006486,108857.06,5,VIP
CUST006487,80861.9,3,VIP
CUST006488,68056.27,5,VIP
CUST006489,133331.84,8,VIP
CUST006490,151515.36,6,VIP
CUST006491,112853.87,6,VIP
CUST006492,162723.36,6,VIP
CUST006493,134846.24,4,VIP
CUST006494,73182.23000000001,2,VIP
CUST006495,143812.6,5,VIP
CUST006496,47592.78,2,VIP
CUST006497,137980.93,5,VIP
CUST006498,138372.59,5,VIP
CUST006499,158930.92,8,VIP
CUST006500,105820.25,4,VIP
CUST006501,74216.04000000001,3,VIP
CUST006502,76297.86,2,VIP
CUST006503,163759.94,6,VIP
CUST006504,109398.08,4,VIP
CUST006506,80706.32999999999,3,VIP
CUST006507,79784.83,4,VIP
CUST006508,80828.02,3,VIP
CUST006509,108033.91,6,VIP
CUST006510,98904.92,3,VIP
CUST006511,203576.16,9,VIP
CUST006512,108907.54999999999,3,VIP
CUST006513,137091.23,5,VIP
CUST006514,262909.58999999997,7,VIP
CUST006515,79470.28,5,VIP
CUST006516,124701.55,5,VIP
CUST006517,35640.96,1,VIP
CUST006518,34170.49,2,VIP
CUST006519,200929.19,11,VIP
CUST006520,61345.68,4,VIP
CUST006521,101569.58,3,VIP
CUST006522,92040.23999999999,3,VIP
CUST006523,81525.45,4,VIP
CUST006524,24199.49,1,VIP
CUST006525,143365.63,5,VIP
CUST006526,69460.6,3,VIP
CUST006527,40677.670000000006,4,VIP
CUST006528,107801.32,3,VIP
CUST006529,42189.439999999995,2,VIP
CUST006530,245187.32,8,VIP
CUST006531,185368.44,6,VIP
CUST006532,47471.03999999999,2,VIP
CUST006533,66732.86,3,VIP
CUST006534,142394.31,5,VIP
CUST006535,34920.68,3,VIP
CUST006536,97130.92000000001,3,VIP
CUST006538,52818.36,3,VIP
CUST006539,96744.81,4,VIP
CUST006540,30047.93,2,VIP
CUST006541,206023.15,7,VIP
CUST006542,57610.44,2,VIP
CUST006543,64740.340000000004,3,VIP
CUST006544,149234.08,5,VIP
CUST006545,187166.29,7,VIP
CUST006546,146821.02,5,VIP
CUST006547,22003.18,2,VIP
CUST006548,118229.86,5,VIP
CUST006549,41705.48,4,VIP
CUST006550,96785.84,3,VIP
CUST006551,183583.22,6,VIP
CUST006552,147220.38,5,VIP
CUST006553,59722.83,4,VIP
CUST006554,106309.37,4,VIP
CUST006555,13588.23,2,VIP
CUST006556,64255.11,2,VIP
CUST006557,77474.99,5,VIP
CUST006558,118722.64,3,VIP
CUST006559,233397.12,8,VIP
CUST006560,153390.93,5,VIP
CUST006561,44189.99,1,VIP
CUST006562,96252.82,3,VIP
CUST006563,37077.380000000005,2,VIP
CUST006564,140376.65999999997,5,VIP
CUST006565,77521.64,3,VIP
CUST006566,153846.82,5,VIP
CUST006567,120523.43,4,VIP
CUST006568,178410.72,6,VIP
CUST006569,71904.31,4,VIP
CUST006570,88514.42,4,VIP
CUST006571,65726.85,4,VIP
CUST006572,64981.54000000001,2,VIP
CUST006573,122414.1,7,VIP
CUST006574,25457.11,1,VIP
CUST006575,87889.74,5,VIP
CUST006576,102911.35,4,VIP
CUST006577,123211.57,5,VIP
CUST006578,49243.56,2,VIP
CUST006579,35645.770000000004,3,VIP
CUST006580,143505.76,5,VIP
CUST006581,72381.0,2,VIP
CUST006582,100759.59,4,VIP
CUST006583,46012.729999999996,2,VIP
CUST006584,67665.45,3,VIP
CUST006585,82342.78,3,VIP
CUST006586,152291.38,8,VIP
CUST006587,198430.28,7,VIP
CUST006588,155606.61,6,VIP
CUST006589,186506.27000000002,8,VIP
CUST006590,282396.01,7,VIP
CUST006591,89386.37,3,VIP
CUST006592,97438.59999999999,6,VIP
CUST006593,61475.39,2,VIP
CUST006594,48022.91,2,VIP
CUST006595,114558.82,4,VIP
CUST006596,56378.96,2,VIP
CUST006597,63067.21,4,VIP
CUST006598,84018.94,3,VIP
CUST006599,114877.23999999999,6,VIP
CUST006600,136629.74,4,VIP
CUST006601,122648.22,6,VIP
CUST006602,165601.88999999998,7,VIP
CUST006603,91894.69,5,VIP
CUST006604,151180.24,5,VIP
CUST006605,126537.79999999999,6,VIP
CUST006606,31283.06,1,VIP
CUST006607,110541.72,4,VIP
CUST006608,115615.94,6,VIP
CUST006609,132084.27000000002,7,VIP
CUST006610,67869.5,4,VIP
CUST006611,202721.62,7,VIP
CUST006612,42341.229999999996,2,VIP
CUST006613,104957.52,4,VIP
CUST006614,116230.49,4,VIP
CUST006615,55249.68,2,VIP
CUST006616,86590.1,4,VIP
CUST006617,121791.83,6,VIP
CUST006618,110080.23,4,VIP
CUST006619,117217.34,4,VIP
CUST006620,178818.61,5,VIP
CUST006621,59615.91,2,VIP
CUST006622,98234.65,4,VIP
CUST006623,76606.59,2,VIP
CUST006624,154636.65,5,VIP
CUST006625,19743.12,2,VIP
CUST006626,152357.56,5,VIP
CUST006627,93623.67000000001,5,VIP
CUST006628,126286.24,6,VIP
CUST006629,54138.979999999996,3,VIP
CUST006630,125344.09,4,VIP
CUST006632,125175.4,5,VIP
CUST006633,174446.56,8,VIP
CUST006634,192114.72,8,VIP
CUST006635,98859.41,4,VIP
CUST006636,53091.04,4,VIP
CUST006637,77405.31,2,VIP
CUST006638,54289.25,2,VIP
CUST006639,108155.98,3,VIP
CUST006640,84168.02,3,VIP
CUST006641,62430.880000000005,2,VIP
CUST006642,79383.76,4,VIP
CUST006643,57295.37,4,VIP
CUST006644,134453.51,5,VIP
CUST006645,47471.56,2,VIP
CUST006646,54489.04,2,VIP
CUST006647,141426.16999999998,4,VIP
CUST006648,27968.75,2,VIP
CUST006649,23372.4,2,VIP
CUST006650,13492.58,2,VIP
CUST006651,94028.16,3,VIP
CUST006652,180771.02,5,VIP
CUST006653,185853.67,5,VIP
CUST006655,147542.06,4,VIP
CUST006656,20216.35,1,VIP
CUST006657,120026.03,4,VIP
CUST006658,115213.34,4,VIP
CUST006659,87186.55,6,VIP
CUST006660,221041.65,8,VIP
CUST006661,73497.06,5,VIP
CUST006662,109647.51000000001,6,VIP
CUST006663,27672.11,1,VIP
CUST006664,54413.700000000004,2,VIP
CUST006665,137566.57,5,VIP
CUST006666,90924.2,4,VIP
CUST006667,86270.38,5,VIP
CUST006668,71398.84,2,VIP
CUST006669,173556.51,7,VIP
CUST006670,180224.5,7,VIP
CUST006671,71745.97,2,VIP
CUST006672,68447.39,4,VIP
CUST006673,92966.06999999999,4,VIP
CUST006674,180813.16999999998,5,VIP
CUST006675,147982.48,6,VIP
CUST006676,145682.49,6,VIP
CUST006677,25516.25,2,VIP
CUST006678,58226.83,5,VIP
CUST006679,95882.03,6,VIP
CUST006680,26178.8,2,VIP
CUST006681,87748.57,3,VIP
CUST006682,89960.2,3,VIP
CUST006683,62433.880000000005,3,VIP
CUST006684,110443.98999999999,3,VIP
CUST006685,10470.56,1,VIP
CUST006686,81879.26000000001,4,VIP
CUST006687,44746.58,1,VIP
CUST006688,30977.91,2,VIP
CUST006689,67113.66,2,VIP
CUST006690,56173.94,2,VIP
CUST006692,47522.02,1,VIP
CUST006693,80005.22,3,VIP
CUST006694,25511.68,3,VIP
CUST006695,136693.91,4,VIP
CUST006696,217759.71000000002,9,VIP
CUST006697,163057.99,6,VIP
CUST006698,59824.69,2,VIP
CUST006699,86300.8,3,VIP
CUST006700,132684.95,6,VIP
CUST006701,234625.56,7,VIP
CUST006702,158800.97,7,VIP
CUST006704,117441.7,6,VIP
CUST006705,180071.27000000002,6,VIP
CUST006706,135273.46,5,VIP
CUST006707,88959.98,4,VIP
CUST006708,124813.08,5,VIP
CUST006709,144918.5,7,VIP
CUST006710,266712.10000000003,11,VIP
CUST006711,73870.39,3,VIP
CUST006712,26428.809999999998,2,VIP
CUST006713,19324.34,2,VIP
CUST006714,49566.7,2,VIP
CUST006715,32751.33,1,VIP
CUST006716,115513.54000000001,3,VIP
CUST006717,84151.12999999999,4,VIP
CUST006718,68628.09,2,VIP
CUST006719,113311.54,4,VIP
CUST006720,10047.69,2,VIP
CUST006721,158301.23,6,VIP
CUST006722,15667.25,1,VIP
CUST006723,164138.28999999998,5,VIP
CUST006724,112139.31,5,VIP
CUST006725,41672.399999999994,2,VIP
CUST006726,150570.87,7,VIP
CUST006727,113308.17,6,VIP
CUST006728,171384.07,7,VIP
CUST006729,28808.1,2,VIP
CUST006730,64916.47,3,VIP
CUST006731,165519.03,6,VIP
CUST006732,139227.5,5,VIP
CUST006733,144722.68,4,VIP
CUST006734,94205.41,5,VIP
CUST006735,41222.28,2,VIP
CUST006736,84276.31,4,VIP
CUST006737,91959.5,3,VIP
CUST006738,94644.14,4,VIP
CUST006739,197506.97,5,VIP
CUST006740,22955.41,1,VIP
CUST006741,40983.94,1,VIP
CUST006742,117083.82,4,VIP
CUST006743,127156.29000000001,6,VIP
CUST006744,27182.379999999997,2,VIP
CUST006745,78081.94,3,VIP
CUST006746,101493.41,3,VIP
CUST006747,139252.77,5,VIP
CUST006748,90721.01000000001,6,VIP
CUST006749,150424.38999999998,7,VIP
CUST006750,70639.2,3,VIP
CUST006751,110146.74,5,VIP
CUST006752,26838.31,1,VIP
CUST006753,88439.0,3,VIP
CUST006754,45206.04,4,VIP
CUST006755,222118.63,7,VIP
CUST006756,81798.99,2,VIP
CUST006757,6812.48,2,VIP
CUST006758,36084.59,1,VIP
CUST006759,159249.22999999998,6,VIP
CUST006760,132980.5,5,VIP
CUST006761,118056.56,5,VIP
CUST006762,177368.71,7,VIP
CUST006763,71896.18,2,VIP
CUST006764,157594.49,6,VIP
CUST006765,152346.48,4,VIP
CUST006766,116411.17,5,VIP
CUST006767,42674.37,1,VIP
CUST006768,107426.8,5,VIP
CUST006769,180272.86000000002,7,VIP
CUST006770,72564.39,2,VIP
CUST006771,104027.51000000001,4,VIP
CUST006772,92005.38,4,VIP
CUST006773,30706.81,1,VIP
CUST006774,89400.47,4,VIP
CUST006775,7579.74,1,VIP
CUST006776,40437.45999999999,4,VIP
CUST006777,213744.56,9,VIP
CUST006778,49644.75,2,VIP
CUST006779,216529.33000000002,7,VIP
CUST006780,121886.14,5,VIP
CUST006781,162601.78,7,VIP
CUST006782,26104.35,3,VIP
CUST006783,134091.11,6,VIP
CUST006784,58010.850000000006,3,VIP
CUST006785,157577.76,6,VIP
CUST006786,108122.0,4,VIP
CUST006787,196798.64,7,VIP
CUST006788,134402.35,6,VIP
CUST006789,189311.66999999998,5,VIP
CUST006790,66403.87,4,VIP
CUST006792,172988.81,6,VIP
CUST006793,133639.11,5,VIP
CUST006794,223589.97,7,VIP
CUST006795,81693.97,5,VIP
CUST006796,194951.24,7,VIP
CUST006797,38500.47,1,VIP
CUST006798,69833.41,2,VIP
CUST006799,64629.759999999995,3,VIP
CUST006800,84682.22,4,VIP
CUST006801,185899.18,6,VIP
CUST006802,58788.81999999999,2,VIP
CUST006803,126002.73999999999,4,VIP
CUST006804,19788.920000000002,2,VIP
CUST006805,103122.95999999999,4,VIP
CUST006806,112230.44,3,VIP
CUST006807,84070.0,4,VIP
CUST006808,167103.93,6,VIP
CUST006809,217462.11,6,VIP
CUST006810,178495.78,10,VIP
CUST006811,62772.94,2,VIP
CUST006812,17394.42,1,VIP
CUST006813,85622.71,4,VIP
CUST006814,35373.39,4,VIP
CUST006815,80243.62,3,VIP
CUST006816,104728.77,5,VIP
CUST006817,94231.0,3,VIP
CUST006818,86901.14,5,VIP
CUST006819,46397.24,1,VIP
CUST006820,49309.35,2,VIP
CUST006821,94769.59,4,VIP
CUST006822,91945.52,4,VIP
CUST006823,133884.83000000002,5,VIP
CUST006824,84777.16,4,VIP
CUST006826,73889.04000000001,2,VIP
CUST006827,52425.47,2,VIP
CUST006828,13983.01,1,VIP
CUST006829,44490.35,1,VIP
CUST006830,101047.12,4,VIP
CUST006831,56491.14,4,VIP
CUST006832,112257.76,6,VIP
CUST006833,210343.55,8,VIP
CUST006834,78860.83,3,VIP
CUST006835,23088.32,2,VIP
CUST006836,24463.42,2,VIP
CUST006837,69164.25,2,VIP
CUST006838,113275.49,4,VIP
CUST006839,64384.740000000005,4,VIP
CUST006840,166715.35,5,VIP
CUST006841,82952.48999999999,2,VIP
CUST006842,41025.43,1,VIP
CUST006843,159202.32,8,VIP
CUST006844,121165.37000000001,4,VIP
CUST006845,104715.73999999999,3,VIP
CUST006846,101802.19,5,VIP
CUST006847,66524.06,4,VIP
CUST006848,88151.01000000001,5,VIP
CUST006849,146524.22,4,VIP
CUST006850,119594.57,6,VIP
CUST006851,134888.4,4,VIP
CUST006853,16854.920000000002,2,VIP
CUST006854,109308.63,4,VIP
CUST006855,278503.03,8,VIP
CUST006856,239118.89,8,VIP
CUST006857,48271.0,3,VIP
CUST006858,116574.44,3,VIP
CUST006859,145552.0,6,VIP
CUST006860,196533.07,7,VIP
CUST006861,84611.5,3,VIP
CUST006862,67571.11,3,VIP
CUST006863,164563.97,6,VIP
CUST006864,37764.33,2,VIP
CUST006865,68456.72,3,VIP
CUST006866,41144.76,3,VIP
CUST006867,52319.17,2,VIP
CUST006868,74245.9,3,VIP
CUST006869,89251.20999999999,4,VIP
CUST006870,93545.24,3,VIP
CUST006871,164956.42,9,VIP
CUST006872,32048.370000000003,3,VIP
CUST006873,110321.63,5,VIP
CUST006875,100407.23999999999,5,VIP
CUST006876,122027.01,5,VIP
CUST006877,120263.22,4,VIP
CUST006878,83929.42,2,VIP
CUST006880,89184.01999999999,2,VIP
CUST006881,27792.16,1,VIP
CUST006882,24184.4,2,VIP
CUST006883,98015.32,5,VIP
CUST006884,133816.18,5,VIP
CUST006885,20704.12,1,VIP
CUST006886,31484.93,3,VIP
CUST006887,48384.28,1,VIP
CUST006888,163870.45,7,VIP
CUST006889,69023.58,3,VIP
CUST006890,72475.35,3,VIP
CUST006891,85950.92,3,VIP
CUST006892,58809.55,4,VIP
CUST006893,91548.38,4,VIP
CUST006894,188328.9,7,VIP
CUST006895,144193.08000000002,5,VIP
CUST006896,2414.35,1,High Value
CUST006897,82016.81,5,VIP
CUST006898,122163.75,4,VIP
CUST006899,135261.24,4,VIP
CUST006900,18817.95,1,VIP
CUST006901,35121.26,2,VIP
CUST006902,11270.710000000001,2,VIP
CUST006903,159942.96000000002,7,VIP
CUST006904,131822.34,5,VIP
CUST006905,54043.55,4,VIP
CUST006906,107195.38,4,VIP
CUST006907,117219.76999999999,5,VIP
CUST006908,154636.12,7,VIP
CUST006909,67406.42,4,VIP
CUST006910,132349.38,5,VIP
CUST006911,81419.5,4,VIP
CUST006912,74308.48,3,VIP
CUST006914,146705.79,5,VIP
CUST006915,92695.6,4,VIP
CUST006916,150626.68,6,VIP
CUST006917,94682.67,4,VIP
CUST006919,38120.15,1,VIP
CUST006920,26101.21,1,VIP
CUST006921,150426.59,5,VIP
CUST006922,172092.25,7,VIP
CUST006923,80552.25,3,VIP
CUST006924,73844.49,3,VIP
CUST006925,102694.02,5,VIP
CUST006926,142484.38,6,VIP
CUST006927,240073.51,8,VIP
CUST006928,53362.270000000004,3,VIP
CUST006929,234352.26,9,VIP
CUST006930,22508.1,1,VIP
CUST006931,121338.09,6,VIP
CUST006932,232936.34999999998,8,VIP
CUST006933,83620.85,3,VIP
CUST006934,189149.2,5,VIP
CUST006935,8843.72,1,VIP
CUST006936,150603.71000000002,5,VIP
CUST006937,156921.28,4,VIP
CUST006938,285507.06,8,VIP
CUST006939,118857.48999999999,4,VIP
CUST006940,106784.38,5,VIP
CUST006941,154242.28999999998,5,VIP
CUST006942,160927.96,7,VIP
CUST006943,75919.9,4,VIP
CUST006944,131572.26,8,VIP
CUST006945,164093.04,5,VIP
CUST006946,175757.88,8,VIP
CUST006947,104473.37,4,VIP
CUST006948,2430.77,2,High Value
CUST006949,164602.88,7,VIP
CUST006950,97635.37,4,VIP
CUST006951,81437.04000000001,2,VIP
CUST006952,64810.57,3,VIP
CUST006953,38895.94,1,VIP
CUST006954,186347.97,6,VIP
CUST006955,38932.04,2,VIP
CUST006956,256398.97999999998,9,VIP
CUST006957,118695.65,4,VIP
CUST006958,169886.61,5,VIP
CUST006959,29886.589999999997,2,VIP
CUST006960,61212.42,3,VIP
CUST006961,61943.579999999994,4,VIP
CUST006962,58151.86,2,VIP
CUST006963,146681.86,7,VIP
CUST006964,19983.82,1,VIP
CUST006965,66257.72,3,VIP
CUST006966,52170.74,2,VIP
CUST006967,127543.47,4,VIP
CUST006968,103550.89,5,VIP
CUST006969,138068.33000000002,5,VIP
CUST006971,35773.880000000005,2,VIP
CUST006972,117896.07,4,VIP
CUST006974,203022.0,6,VIP
CUST006975,198069.32,8,VIP
CUST006976,78400.95,4,VIP
CUST006977,145333.46000000002,5,VIP
CUST006978,51941.520000000004,2,VIP
CUST006979,35660.15,2,VIP
CUST006980,103481.15,4,VIP
CUST006981,174874.49,6,VIP
CUST006982,88881.56,4,VIP
CUST006983,88069.04000000001,3,VIP
CUST006984,129083.59,6,VIP
CUST006985,206540.07,7,VIP
CUST006986,147396.91,4,VIP
CUST006987,111391.52,4,VIP
CUST006988,185819.12,5,VIP
CUST006989,39488.65,1,VIP
CUST006990,135166.94,5,VIP
CUST006991,133025.59,6,VIP
CUST006992,67643.59,3,VIP
CUST006993,27399.329999999998,2,VIP
CUST006994,122468.84,4,VIP
CUST006995,107423.26999999999,5,VIP
CUST006996,101997.41,3,VIP
CUST006997,82152.25,5,VIP
CUST006998,144052.65,4,VIP
CUST006999,167866.21000000002,7,VIP
CUST007000,60936.71,3,VIP
CUST007001,44411.14,2,VIP
CUST007002,91643.9,4,VIP
CUST007003,108861.22,4,VIP
CUST007004,20847.58,2,VIP
CUST007005,60561.51,3,VIP
CUST007006,83984.32,3,VIP
CUST007007,99599.49,4,VIP
CUST007008,61373.66,2,VIP
CUST007009,34282.4,1,VIP
CUST007010,190012.94,7,VIP
CUST007011,100264.2,3,VIP
CUST007012,75922.94,5,VIP
CUST007013,188522.99,5,VIP
CUST007014,138041.64,5,VIP
CUST007015,92523.4,3,VIP
CUST007016,133456.99000000002,7,VIP
CUST007017,285876.33999999997,8,VIP
CUST007018,88887.59,3,VIP
CUST007019,62746.91,6,VIP
CUST007020,100452.96,7,VIP
CUST007021,58307.73,4,VIP
CUST007022,139005.24,6,VIP
CUST007023,109579.31,4,VIP
CUST007024,56411.58,3,VIP
CUST007025,148578.0,10,VIP
CUST007026,105215.70999999999,4,VIP
CUST007027,143261.59,5,VIP
CUST007028,44082.02,3,VIP
CUST007029,153797.09,5,VIP
CUST007030,28535.94,4,VIP
CUST007031,73891.91,3,VIP
CUST007032,64229.44,4,VIP
CUST007034,94748.46,3,VIP
CUST007035,146813.69,5,VIP
CUST007036,80066.04000000001,3,VIP
CUST007037,166559.51,7,VIP
CUST007038,35300.67,4,VIP
CUST007039,155734.27,5,VIP
CUST007040,86422.56,2,VIP
CUST007041,146671.85,4,VIP
CUST007042,119230.75,5,VIP
CUST007043,137880.49,5,VIP
CUST007044,23935.07,2,VIP
CUST007045,62185.38,3,VIP
CUST007046,75786.44,2,VIP
CUST007047,57870.46,3,VIP
CUST007048,24177.53,1,VIP
CUST007049,123132.74,5,VIP
CUST007050,186147.06,6,VIP
CUST007051,127222.23,7,VIP
CUST007052,83801.86,3,VIP
CUST007053,185717.16,6,VIP
CUST007054,35052.21,1,VIP
CUST007055,175416.61,8,VIP
CUST007056,116140.45,5,VIP
CUST007057,214096.22,8,VIP
CUST007058,164214.29,6,VIP
CUST007059,93084.52,5,VIP
CUST007060,197336.99,9,VIP
CUST007061,55636.57,2,VIP
CUST007062,143821.22999999998,4,VIP
CUST007063,110445.32,4,VIP
CUST007064,101250.91,5,VIP
CUST007065,38047.729999999996,2,VIP
CUST007066,127779.39,4,VIP
CUST007067,94814.42000000001,3,VIP
CUST007068,40522.979999999996,2,VIP
CUST007069,80422.47,5,VIP
CUST007070,165987.44,8,VIP
CUST007071,87861.56999999999,3,VIP
CUST007072,75942.68,2,VIP
CUST007073,109255.63,5,VIP
CUST007074,44459.439999999995,2,VIP
CUST007075,22830.66,2,VIP
CUST007076,49292.13,3,VIP
CUST007077,167302.03,6,VIP
CUST007078,158863.49,7,VIP
CUST007079,49068.93,1,VIP
CUST007080,153391.52,6,VIP
CUST007081,72830.45999999999,2,VIP
CUST007082,106671.35,4,VIP
CUST007083,199579.11,7,VIP
CUST007084,11627.48,1,VIP
CUST007085,42696.74,3,VIP
CUST007086,59278.46,3,VIP
CUST007087,130591.8,6,VIP
CUST007088,34473.14,1,VIP
CUST007089,66286.54000000001,4,VIP
CUST007090,174254.03999999998,8,VIP
CUST007091,71649.86,4,VIP
CUST007092,75640.98999999999,3,VIP
CUST007093,96256.77,3,VIP
CUST007094,48041.58,3,VIP
CUST007095,51770.03,4,VIP
CUST007096,75618.99,5,VIP
CUST007097,16529.96,1,VIP
CUST007098,100080.31,6,VIP
CUST007099,94688.67,5,VIP
CUST007100,190643.4,6,VIP
CUST007101,41213.27,2,VIP
CUST007102,204278.98,10,VIP
CUST007103,120945.24,4,VIP
CUST007104,160139.34,5,VIP
CUST007105,211599.44,8,VIP
CUST007106,147772.22999999998,6,VIP
CUST007107,20562.25,2,VIP
CUST007108,91370.69,3,VIP
CUST007109,102527.29,7,VIP
CUST007110,230041.04,8,VIP
CUST007111,155171.89,5,VIP
CUST007112,152057.8,6,VIP
CUST007113,67252.36,3,VIP
CUST007114,15773.529999999999,2,VIP
CUST007115,95666.28,6,VIP
CUST007116,132857.95,4,VIP
CUST007117,122349.18,6,VIP
CUST007118,84035.7,4,VIP
CUST007119,158555.66,6,VIP
CUST007120,144467.24,6,VIP
CUST007121,183507.81,7,VIP
CUST007122,147390.79,4,VIP
CUST007123,127623.39,6,VIP
CUST007124,59726.29,4,VIP
CUST007125,131548.63,7,VIP
CUST007126,135462.69,4,VIP
CUST007127,63037.58,3,VIP
CUST007128,98539.69,4,VIP
CUST007129,94726.65,4,VIP
CUST007130,35768.08,2,VIP
CUST007131,72305.63,4,VIP
CUST007132,154919.07,6,VIP
CUST007133,193324.36,7,VIP
CUST007134,175909.2,5,VIP
CUST007135,191141.74,8,VIP
CUST007136,106645.35,5,VIP
CUST007137,140730.91,5,VIP
CUST007138,93100.38,4,VIP
CUST007139,65891.63,3,VIP
CUST007140,47462.01,2,VIP
CUST007141,49873.85,5,VIP
CUST007142,157628.82,5,VIP
CUST007143,124350.13,5,VIP
CUST007144,77889.68,2,VIP
CUST007145,29433.64,3,VIP
CUST007146,137042.3,4,VIP
CUST007147,142893.42,4,VIP
CUST007148,199104.7,6,VIP
CUST007149,165694.0,5,VIP
CUST007150,161696.25,5,VIP
CUST007151,39529.23,1,VIP
CUST007152,105032.68000000001,6,VIP
CUST007153,96276.52,3,VIP
CUST007154,72364.73,3,VIP
CUST007155,121976.0,3,VIP
CUST007156,146560.51,5,VIP
CUST007157,72538.6,2,VIP
CUST007158,28804.53,2,VIP
CUST007159,207271.21,7,VIP
CUST007160,113759.82,5,VIP
CUST007161,37385.89,1,VIP
CUST007162,44159.62,2,VIP
CUST007163,134391.16,3,VIP
CUST007164,126560.6,7,VIP
CUST007165,115823.20999999999,4,VIP
CUST007166,41953.94,2,VIP
CUST007168,112905.37,5,VIP
CUST007169,42830.59,2,VIP
CUST007170,174190.14,5,VIP
CUST007171,34006.33,2,VIP
CUST007172,145779.41,6,VIP
CUST007173,145899.47,5,VIP
CUST007174,86576.73,5,VIP
CUST007175,81262.38,3,VIP
CUST007176,144060.24,5,VIP
CUST007177,120557.4,6,VIP
CUST007178,89687.09,4,VIP
CUST007179,27465.3,2,VIP
CUST007180,119692.98000000001,3,VIP
CUST007181,170644.65,5,VIP
CUST007182,87946.29000000001,3,VIP
CUST007183,44118.39,4,VIP
CUST007184,10724.39,2,VIP
CUST007185,116778.99,5,VIP
CUST007186,102515.67,3,VIP
CUST007187,37682.06,2,VIP
CUST007188,66376.35,3,VIP
CUST007189,81121.15,4,VIP
CUST007190,51434.46,4,VIP
CUST007191,148155.52,5,VIP
CUST007192,42960.32,3,VIP
CUST007193,73767.26999999999,3,VIP
CUST007194,77422.5,3,VIP
CUST007195,132076.46000000002,4,VIP
CUST007196,53873.439999999995,2,VIP
CUST007197,97518.58,2,VIP
CUST007198,201428.95,7,VIP
CUST007199,242636.65,12,VIP
CUST007200,168948.02000000002,4,VIP
CUST007201,53691.729999999996,2,VIP
CUST007202,68204.07,3,VIP
CUST007203,62105.75,3,VIP
CUST007204,200051.22,5,VIP
CUST007205,28416.38,1,VIP
CUST007206,150210.24,4,VIP
CUST007207,94183.96,3,VIP
CUST007208,120662.54,4,VIP
CUST007209,115708.13,6,VIP
CUST007210,123253.87000000001,6,VIP
CUST007211,269115.60000000003,10,VIP
CUST007212,167442.47,4,VIP
CUST007213,54454.14,2,VIP
CUST007214,55564.979999999996,2,VIP
CUST007215,8846.78,1,VIP
CUST007216,32860.72,2,VIP
CUST007217,130833.39,5,VIP
CUST007218,80925.87,3,VIP
CUST007219,160920.53,4,VIP
CUST007220,257891.98,7,VIP
CUST007221,95946.5,4,VIP
CUST007222,32709.07,1,VIP
CUST007223,57583.740000000005,4,VIP
CUST007224,115473.68,3,VIP
CUST007225,32070.760000000002,2,VIP
CUST007226,83565.82999999999,3,VIP
CUST007227,80948.69,3,VIP
CUST007228,108560.04000000001,5,VIP
CUST007229,113214.79000000001,5,VIP
CUST007230,124600.08,4,VIP
CUST007231,51149.4,2,VIP
CUST007232,66387.66,3,VIP
CUST007233,62186.21,2,VIP
CUST007234,88102.96,5,VIP
CUST007235,149983.85,5,VIP
CUST007236,194536.36000000002,7,VIP
CUST007237,74293.75,4,VIP
CUST007238,44987.78,2,VIP
CUST007239,117417.25,6,VIP
CUST007240,40482.28,1,VIP
CUST007241,100290.01,4,VIP
CUST007242,96445.18,5,VIP
CUST007243,32254.99,2,VIP
CUST007244,35044.72,1,VIP
CUST007245,110952.49,5,VIP
CUST007246,8990.54,1,VIP
CUST007247,70156.55,3,VIP
CUST007248,106900.10999999999,6,VIP
CUST007249,109987.81,3,VIP
CUST007250,75317.57,3,VIP
CUST007251,29253.760000000002,3,VIP
CUST007252,145083.82,6,VIP
CUST007253,186827.57,6,VIP
CUST007254,83578.86,4,VIP
CUST007255,105501.34,4,VIP
CUST007256,169078.77000000002,5,VIP
CUST007257,34207.25,3,VIP
CUST007258,57663.98,3,VIP
CUST007259,23815.83,3,VIP
CUST007260,46434.909999999996,3,VIP
CUST007261,156168.79,8,VIP
CUST007262,44136.15,1,VIP
CUST007263,69204.73000000001,2,VIP
CUST007264,76620.1,2,VIP
CUST007265,115745.20999999999,5,VIP
CUST007266,99682.68,3,VIP
CUST007267,17910.16,1,VIP
CUST007268,125085.18,3,VIP
CUST007269,12633.08,1,VIP
CUST007270,46689.58,1,VIP
CUST007271,186790.1,8,VIP
CUST007272,92332.24,3,VIP
CUST007273,92029.02,5,VIP
CUST007274,158079.1,7,VIP
CUST007275,118581.32,3,VIP
CUST007276,44542.47,1,VIP
CUST007277,84419.33,3,VIP
CUST007278,99263.29,4,VIP
CUST007279,47501.18,1,VIP
CUST007280,74293.53,3,VIP
CUST007281,51662.05,4,VIP
CUST007282,46583.68,1,VIP
CUST007283,107458.7,5,VIP
CUST007284,43775.9,2,VIP
CUST007285,43562.88,1,VIP
CUST007286,61768.27,3,VIP
CUST007287,71666.23000000001,3,VIP
CUST007288,42145.79,1,VIP
CUST007289,83317.39,4,VIP
CUST007290,32682.47,1,VIP
CUST007291,100417.93,4,VIP
CUST007292,153472.63,5,VIP
CUST007293,120248.87,6,VIP
CUST007294,140142.07,5,VIP
CUST007295,38084.12,1,VIP
CUST007296,112597.58,5,VIP
CUST007297,52919.44,2,VIP
CUST007298,108461.87,5,VIP
CUST007299,42265.65,1,VIP
CUST007300,15344.29,2,VIP
CUST007301,87623.49,3,VIP
CUST007302,153767.03,5,VIP
CUST007303,116525.72,4,VIP
CUST007304,141038.65,4,VIP
CUST007305,77589.67,3,VIP
CUST007306,49859.19,3,VIP
CUST007307,212379.74,10,VIP
CUST007308,206196.89,7,VIP
CUST007309,163938.61,5,VIP
CUST007310,56227.49,4,VIP
CUST007311,55844.42,3,VIP
CUST007312,137386.06,4,VIP
CUST007313,156824.11000000002,6,VIP
CUST007314,54207.96,2,VIP
CUST007315,132658.91,5,VIP
CUST007316,142614.9,6,VIP
CUST007317,126824.45000000001,4,VIP
CUST007318,200601.57,7,VIP
CUST007319,67657.47,3,VIP
CUST007320,38453.36,1,VIP
CUST007321,90507.47,4,VIP
CUST007322,90743.66,3,VIP
CUST007323,61648.87,3,VIP
CUST007324,72769.55,2,VIP
CUST007325,13533.93,1,VIP
CUST007326,66339.34,4,VIP
CUST007327,119723.79999999999,6,VIP
CUST007328,118290.86,5,VIP
CUST007329,100441.90000000001,6,VIP
CUST007330,196695.6,7,VIP
CUST007331,47829.8,3,VIP
CUST007332,168719.97,8,VIP
CUST007333,102991.19,4,VIP
CUST007334,94121.73,3,VIP
CUST007335,209935.11,8,VIP
CUST007336,67257.24,3,VIP
CUST007337,161859.3,6,VIP
CUST007338,49800.9,1,VIP
CUST007339,155988.09,6,VIP
CUST007340,39552.95,3,VIP
CUST007341,76313.58,3,VIP
CUST007342,107694.89,3,VIP
CUST007343,175447.77,10,VIP
CUST007344,75582.57,3,VIP
CUST007345,123751.26999999999,4,VIP
CUST007346,23831.58,1,VIP
CUST007347,156277.36000000002,7,VIP
CUST007348,131789.98,4,VIP
CUST007349,111385.25,4,VIP
CUST007350,139399.05,6,VIP
CUST007351,106090.28,4,VIP
CUST007352,154738.33,6,VIP
CUST007353,139504.64,6,VIP
CUST007354,86143.20999999999,4,VIP
CUST007355,23918.78,1,VIP
CUST007356,88002.66,3,VIP
CUST007357,124002.05,5,VIP
CUST007358,92926.08,3,VIP
CUST007359,112741.08000000002,5,VIP
CUST007360,127661.87,5,VIP
CUST007361,147095.45,6,VIP
CUST007362,145562.9,6,VIP
CUST007363,164958.86,5,VIP
CUST007364,16374.03,2,VIP
CUST007365,41269.98,2,VIP
CUST007366,106241.95,4,VIP
CUST007367,152538.8,4,VIP
CUST007368,115898.61,5,VIP
CUST007369,95697.23,5,VIP
CUST007370,139146.62,6,VIP
CUST007371,69653.98,3,VIP
CUST007372,31205.089999999997,2,VIP
CUST007373,112212.69,5,VIP
CUST007374,93238.37,3,VIP
CUST007375,78300.68,5,VIP
CUST007376,9219.98,1,VIP
CUST007377,96671.25,3,VIP
CUST007378,79282.58,4,VIP
CUST007379,62718.92,3,VIP
CUST007380,82319.92,3,VIP
CUST007381,26382.36,2,VIP
CUST007382,40124.55,3,VIP
CUST007383,107017.79,6,VIP
CUST007384,73422.37,3,VIP
CUST007385,164697.68,5,VIP
CUST007386,142690.52,5,VIP
CUST007387,62018.32,2,VIP
CUST007388,74510.82,4,VIP
CUST007389,52396.880000000005,2,VIP
CUST007390,122596.66,5,VIP
CUST007391,28739.63,1,VIP
CUST007392,133754.91,3,VIP
CUST007393,53055.3,4,VIP
CUST007394,141701.55,5,VIP
CUST007395,62745.770000000004,3,VIP
CUST007396,22537.329999999998,2,VIP
CUST007397,26876.08,1,VIP
CUST007398,95767.95,4,VIP
CUST007399,232173.47,7,VIP
CUST007400,105048.91,5,VIP
CUST007401,39938.14,3,VIP
CUST007402,95896.36,2,VIP
CUST007403,125269.51000000001,6,VIP
CUST007404,103077.39,5,VIP
CUST007405,98105.79,4,VIP
CUST007407,62913.29,2,VIP
CUST007408,46311.079999999994,3,VIP
CUST007409,84205.18,3,VIP
CUST007410,84694.93,5,VIP
CUST007411,98801.88,4,VIP
CUST007412,54979.630000000005,4,VIP
CUST007413,146909.15,7,VIP
CUST007414,11491.43,1,VIP
CUST007415,57669.68,3,VIP
CUST007416,205733.96,8,VIP
CUST007417,150259.93,6,VIP
CUST007418,111188.69,3,VIP
CUST007419,96823.77,3,VIP
CUST007420,205364.76,8,VIP
CUST007421,82068.56,3,VIP
CUST007422,89674.22,5,VIP
CUST007423,66846.6,5,VIP
CUST007424,80640.82,2,VIP
CUST007425,89822.15,4,VIP
CUST007426,113690.03,5,VIP
CUST007427,67224.34,2,VIP
CUST007428,35221.19,2,VIP
CUST007429,170793.53,5,VIP
CUST007430,111481.43,5,VIP
CUST007431,79580.65,3,VIP
CUST007432,125160.52,5,VIP
CUST007433,65481.880000000005,2,VIP
CUST007434,63075.3,4,VIP
CUST007435,23707.4,1,VIP
CUST007436,72846.47,3,VIP
CUST007437,189941.89,8,VIP
CUST007438,17271.3,1,VIP
CUST007439,105142.95000000001,4,VIP
CUST007440,73177.74,3,VIP
CUST007441,134382.56,6,VIP
CUST007442,36413.21,1,VIP
CUST007443,113117.39000000001,4,VIP
CUST007444,41050.08,3,VIP
CUST007445,165565.27000000002,7,VIP
CUST007447,132335.55,4,VIP
CUST007448,16731.190000000002,3,VIP
CUST007449,26005.22,1,VIP
CUST007450,54877.83,3,VIP
CUST007451,177648.84,8,VIP
CUST007453,96063.43000000001,4,VIP
CUST007454,103569.8,4,VIP
CUST007455,90066.42,5,VIP
CUST007456,89765.75,5,VIP
CUST007457,103013.13,6,VIP
CUST007458,37476.29,2,VIP
CUST007459,95109.49,4,VIP
CUST007460,93777.26999999999,3,VIP
CUST007461,89353.84,3,VIP
CUST007462,66761.62999999999,4,VIP
CUST007463,109800.25,4,VIP
CUST007464,109014.27,7,VIP
CUST007465,55998.06999999999,3,VIP
CUST007466,71852.53,4,VIP
CUST007467,161052.41999999998,5,VIP
CUST007468,77169.07,2,VIP
CUST007469,176445.73,6,VIP
CUST007470,22606.8,2,VIP
CUST007471,116271.98000000001,5,VIP
CUST007472,116535.47,4,VIP
CUST007473,194814.39,5,VIP
CUST007474,194753.65000000002,7,VIP
CUST007475,50927.520000000004,2,VIP
CUST007476,81868.57,3,VIP
CUST007477,87173.17,5,VIP
CUST007478,162844.75,6,VIP
CUST007479,162919.86,6,VIP
CUST007480,92527.51,5,VIP
CUST007481,185191.05,6,VIP
CUST007482,114208.5,3,VIP
CUST007483,177192.63,7,VIP
CUST007484,36875.48,1,VIP
CUST007485,142839.79,6,VIP
CUST007486,81596.37,2,VIP
CUST007487,109467.01000000001,3,VIP
CUST007488,68355.77,2,VIP
CUST007489,105843.6,4,VIP
CUST007490,51600.020000000004,2,VIP
CUST007491,179848.12,9,VIP
CUST007493,48893.74,3,VIP
CUST007494,56004.15,2,VIP
CUST007495,171550.39,7,VIP
CUST007496,152111.53999999998,6,VIP
CUST007497,121060.05,4,VIP
CUST007498,81116.04000000001,2,VIP
CUST007499,178936.1,5,VIP
CUST007500,97914.66,4,VIP
CUST007501,145861.85,6,VIP
CUST007502,32147.239999999998,2,VIP
CUST007503,242395.48,6,VIP
CUST007504,108106.31,5,VIP
CUST007505,136413.27000000002,5,VIP
CUST007506,243727.38,10,VIP
CUST007507,127320.13,4,VIP
CUST007508,85462.12999999999,5,VIP
CUST007509,43621.81,3,VIP
CUST007510,38436.04,3,VIP
CUST007511,67047.54000000001,5,VIP
CUST007512,66877.31,4,VIP
CUST007513,146633.84,7,VIP
CUST007514,121176.48,5,VIP
CUST007515,124056.73,5,VIP
CUST007516,79548.78,3,VIP
CUST007517,112092.53,4,VIP
CUST007518,128535.62000000001,4,VIP
CUST007519,107171.33,3,VIP
CUST007520,100460.48,4,VIP
CUST007521,61388.07,4,VIP
CUST007522,134616.95,4,VIP
CUST007523,91925.36,4,VIP
CUST007524,134142.18,5,VIP
CUST007525,34525.22,2,VIP
CUST007526,215731.21000000002,6,VIP
CUST007527,145494.85,4,VIP
CUST007528,61970.46,3,VIP
CUST007529,71995.79,5,VIP
CUST007530,107104.28,5,VIP
CUST007531,186121.78999999998,6,VIP
CUST007532,108653.48000000001,3,VIP
CUST007533,151298.12,6,VIP
CUST007534,143895.8,7,VIP
CUST007535,65665.05,2,VIP
CUST007536,120482.34,4,VIP
CUST007537,115833.29999999999,5,VIP
CUST007538,104823.81,7,VIP
CUST007539,32765.260000000002,2,VIP
CUST007540,85818.12999999999,4,VIP
CUST007541,153303.62,5,VIP
CUST007542,117696.51000000001,6,VIP
CUST007543,74629.57999999999,4,VIP
CUST007544,125736.41,3,VIP
CUST007545,188158.56999999998,5,VIP
CUST007546,83302.0,4,VIP
CUST007547,10442.37,1,VIP
CUST007548,61971.22,4,VIP
CUST007549,86750.44,3,VIP
CUST007550,133670.13,5,VIP
CUST007551,113452.43,4,VIP
CUST007552,62436.450000000004,2,VIP
CUST007553,132707.16,6,VIP
CUST007554,57276.659999999996,4,VIP
CUST007555,107535.18000000001,4,VIP
CUST007556,102580.7,4,VIP
CUST007557,155248.88,5,VIP
CUST007558,28265.66,1,VIP
CUST007559,102562.6,3,VIP
CUST007560,22751.82,1,VIP
CUST007561,153721.65,4,VIP
CUST007562,102411.91,3,VIP
CUST007563,98938.70000000001,3,VIP
CUST007564,106497.94,7,VIP
CUST007565,5744.37,1,VIP
CUST007566,142273.91,6,VIP
CUST007567,159685.28999999998,7,VIP
CUST007568,20237.56,1,VIP
CUST007569,101917.04999999999,5,VIP
CUST007570,181449.04,9,VIP
CUST007571,84620.6,3,VIP
CUST007572,134205.57,4,VIP
CUST007573,65432.880000000005,3,VIP
CUST007574,68048.87,4,VIP
CUST007575,123192.51,4,VIP
CUST007576,10241.16,1,VIP
CUST007577,115338.85,5,VIP
CUST007578,77176.51,5,VIP
CUST007579,273804.42,10,VIP
CUST007580,1426.34,1,Mid Value
CUST007581,82126.76000000001,4,VIP
CUST007582,107165.97,4,VIP
CUST007583,148074.36,5,VIP
CUST007584,62997.53,3,VIP
CUST007585,172192.41,5,VIP
CUST007586,33343.46,2,VIP
CUST007587,187122.36,7,VIP
CUST007588,25045.84,2,VIP
CUST007589,64657.49,4,VIP
CUST007590,122724.28,4,VIP
CUST007591,190801.85,6,VIP
CUST007592,197888.67,7,VIP
CUST007593,101355.56,6,VIP
CUST007594,84097.54000000001,3,VIP
CUST007595,258357.52,8,VIP
CUST007596,102861.76,6,VIP
CUST007597,176483.71,6,VIP
CUST007598,120250.74,4,VIP
CUST007599,184822.01,9,VIP
CUST007601,129963.01,4,VIP
CUST007602,159754.18,9,VIP
CUST007603,165416.68,5,VIP
CUST007604,93170.72,4,VIP
CUST007605,44590.58,3,VIP
CUST007606,48151.43,2,VIP
CUST007607,216760.9,7,VIP
CUST007608,65381.69,4,VIP
CUST007609,65223.14,3,VIP
CUST007610,40509.9,2,VIP
CUST007611,133856.88999999998,6,VIP
CUST007612,79285.22,4,VIP
CUST007613,171424.37,6,VIP
CUST007614,214962.44999999998,8,VIP
CUST007615,31584.12,3,VIP
CUST007616,168973.97999999998,6,VIP
CUST007617,254097.24,8,VIP
CUST007618,41127.61,4,VIP
CUST007619,125182.24,5,VIP
CUST007620,79056.22,5,VIP
CUST007621,157935.77000000002,7,VIP
CUST007622,60370.79,3,VIP
CUST007623,31471.940000000002,3,VIP
CUST007624,109040.54999999999,4,VIP
CUST007625,183012.43,6,VIP
CUST007626,39954.02,4,VIP
CUST007627,50693.29,4,VIP
CUST007628,88609.33,3,VIP
CUST007629,124624.33,6,VIP
CUST007630,45708.07,2,VIP
CUST007631,39969.94,1,VIP
CUST007632,74819.75,3,VIP
CUST007633,40178.36,2,VIP
CUST007634,7820.81,1,VIP
CUST007635,95032.03,2,VIP
CUST007636,86973.86,2,VIP
CUST007638,171171.38,5,VIP
CUST007639,75624.39,3,VIP
CUST007640,68022.95000000001,3,VIP
CUST007641,138177.28,6,VIP
CUST007642,148161.85,5,VIP
CUST007643,95464.51999999999,3,VIP
CUST007644,56851.41,2,VIP
CUST007645,184289.1,7,VIP
CUST007646,152010.6,6,VIP
CUST007647,157186.08000000002,6,VIP
CUST007648,121061.76,5,VIP
CUST007649,171785.18,6,VIP
CUST007650,13001.84,1,VIP
CUST007651,82271.81,3,VIP
CUST007652,172931.06,5,VIP
CUST007653,58148.44,3,VIP
CUST007654,100190.48,3,VIP
CUST007655,143336.62,5,VIP
CUST007656,129905.71,6,VIP
CUST007657,153167.51,6,VIP
CUST007658,94945.15,3,VIP
CUST007659,112115.82,4,VIP
CUST007660,80429.45,4,VIP
CUST007661,13464.89,2,VIP
CUST007662,171153.0,6,VIP
CUST007663,54836.68,3,VIP
CUST007664,118662.39,6,VIP
CUST007665,18253.27,2,VIP
CUST007666,133066.91,5,VIP
CUST007667,140274.77000000002,6,VIP
CUST007668,79134.67,5,VIP
CUST007669,140650.05,5,VIP
CUST007670,190726.75,8,VIP
CUST007671,124072.95999999999,6,VIP
CUST007672,39623.42,2,VIP
CUST007673,107268.33,3,VIP
CUST007674,12120.26,1,VIP
CUST007675,130592.07,5,VIP
CUST007676,68156.51000000001,3,VIP
CUST007677,69658.09,3,VIP
CUST007678,52207.78,3,VIP
CUST007679,75369.1,3,VIP
CUST007680,9893.41,1,VIP
CUST007681,119417.9,6,VIP
CUST007682,44941.01,4,VIP
CUST007683,60167.6,3,VIP
CUST007684,61919.57,2,VIP
CUST007686,118466.2,4,VIP
CUST007687,203132.87,9,VIP
CUST007688,112876.82999999999,5,VIP
CUST007689,97732.07,7,VIP
CUST007690,39275.78,2,VIP
CUST007691,90052.35999999999,3,VIP
CUST007692,75142.56999999999,3,VIP
CUST007693,132005.72999999998,7,VIP
CUST007694,112649.5,5,VIP
CUST007695,157844.02000000002,7,VIP
CUST007696,43511.63,3,VIP
CUST007697,153942.34,6,VIP
CUST007698,190922.16,6,VIP
CUST007699,92223.2,4,VIP
CUST007700,129634.82,4,VIP
CUST007701,36048.83,2,VIP
CUST007702,86583.31,3,VIP
CUST007703,150967.43,4,VIP
CUST007704,207541.99,7,VIP
CUST007705,189283.77,8,VIP
CUST007706,72205.31999999999,4,VIP
CUST007707,87888.6,4,VIP
CUST007708,17434.170000000002,2,VIP
CUST007709,111971.98000000001,3,VIP
CUST007710,13631.72,1,VIP
CUST007711,124493.86,5,VIP
CUST007712,50307.979999999996,3,VIP
CUST007713,23923.37,1,VIP
CUST007714,56525.9,4,VIP
CUST007715,126924.19,5,VIP
CUST007716,159139.76,7,VIP
CUST007717,105275.79999999999,6,VIP
CUST007718,24680.78,3,VIP
CUST007719,36186.12,1,VIP
CUST007720,45214.420000000006,2,VIP
CUST007721,124600.41,4,VIP
CUST007722,26892.01,2,VIP
CUST007723,130802.73999999999,3,VIP
CUST007724,115431.59,3,VIP
CUST007725,116658.43000000001,4,VIP
CUST007726,73948.24,4,VIP
CUST007727,33744.32,3,VIP
CUST007728,131367.12,5,VIP
CUST007729,138702.08,5,VIP
CUST007730,87219.89,4,VIP
CUST007734,84447.17,3,VIP
CUST007735,142618.97,5,VIP
CUST007736,105165.6,4,VIP
CUST007737,97995.95999999999,4,VIP
CUST007738,151602.91999999998,6,VIP
CUST007739,183047.84,9,VIP
CUST007740,124242.34,6,VIP
CUST007741,136197.49,6,VIP
CUST007742,70115.32,2,VIP
CUST007743,76577.02,3,VIP
CUST007744,166419.44,7,VIP
CUST007745,58722.69,2,VIP
CUST007746,175687.37,6,VIP
CUST007747,185637.86000000002,7,VIP
CUST007748,86481.53,4,VIP
CUST007749,41500.13,5,VIP
CUST007750,95541.22,3,VIP
CUST007751,163191.78999999998,6,VIP
CUST007752,102317.04,4,VIP
CUST007753,55521.8,4,VIP
CUST007754,181394.86,6,VIP
CUST007755,94684.22,4,VIP
CUST007756,135146.47,4,VIP
CUST007757,52239.86,4,VIP
CUST007759,61586.009999999995,3,VIP
CUST007760,48396.36,1,VIP
CUST007761,81900.47,3,VIP
CUST007762,255443.13,7,VIP
CUST007763,109716.76000000001,4,VIP
CUST007764,100848.29,4,VIP
CUST007765,119806.39,4,VIP
CUST007766,5670.42,1,VIP
CUST007767,48522.81,2,VIP
CUST007768,83900.53,3,VIP
CUST007769,151397.19,5,VIP
CUST007770,33309.009999999995,4,VIP
CUST007771,97225.47,4,VIP
CUST007772,178469.71000000002,9,VIP
CUST007773,254115.27000000002,8,VIP
CUST007774,73896.34,3,VIP
CUST007775,20907.23,2,VIP
CUST007776,41458.67999999999,2,VIP
CUST007777,87369.62,3,VIP
CUST007778,68856.76,3,VIP
CUST007779,53623.61,2,VIP
CUST007780,133866.57,4,VIP
CUST007781,69914.72,3,VIP
CUST007782,19081.61,2,VIP
CUST007783,106169.82,5,VIP
CUST007784,170888.0,4,VIP
CUST007785,151157.3,6,VIP
CUST007786,230180.6,6,VIP
CUST007787,46817.34,1,VIP
CUST007788,15056.44,1,VIP
CUST007789,47024.63,2,VIP
CUST007790,83076.86,4,VIP
CUST007791,92424.91,5,VIP
CUST007792,41287.51,2,VIP
CUST007793,91229.08,6,VIP
CUST007794,96006.5,4,VIP
CUST007795,142899.24,7,VIP
CUST007796,143644.13999999998,4,VIP
CUST007797,35803.21,2,VIP
CUST007798,57543.33,4,VIP
CUST007799,14219.38,1,VIP
CUST007800,92489.7,6,VIP
CUST007801,146673.01,5,VIP
CUST007802,9932.52,1,VIP
CUST007803,52262.23,2,VIP
CUST007804,88605.6,5,VIP
CUST007805,63586.18,4,VIP
CUST007806,72303.27,2,VIP
CUST007807,218406.19,6,VIP
CUST007808,25046.620000000003,2,VIP
CUST007809,103481.14,3,VIP
CUST007810,70846.04000000001,2,VIP
CUST007812,137079.28,4,VIP
CUST007813,110102.09,4,VIP
CUST007814,124515.66,9,VIP
CUST007815,126891.73,6,VIP
CUST007816,77803.4,3,VIP
CUST007817,91687.74,4,VIP
CUST007818,48060.39,2,VIP
CUST007819,74726.23000000001,3,VIP
CUST007820,172560.45,5,VIP
CUST007821,185038.53,5,VIP
CUST007822,82520.5,2,VIP
CUST007823,122157.56,6,VIP
CUST007824,80399.79000000001,3,VIP
CUST007825,177904.1,5,VIP
CUST007826,93901.35,3,VIP
CUST007827,107770.63,4,VIP
CUST007828,229823.07,6,VIP
CUST007829,57029.6,2,VIP
CUST007830,205119.53,7,VIP
CUST007831,56550.100000000006,3,VIP
CUST007832,70350.73999999999,3,VIP
CUST007833,37166.65,3,VIP
CUST007834,82925.36,2,VIP
CUST007835,45125.07000000001,2,VIP
CUST007836,116163.09,5,VIP
CUST007837,73277.67,4,VIP
CUST007838,227348.41999999998,8,VIP
CUST007839,27691.57,2,VIP
CUST007840,46503.26,4,VIP
CUST007841,197267.09,7,VIP
CUST007842,138632.21000000002,4,VIP
CUST007843,140504.32,5,VIP
CUST007844,118066.98,6,VIP
CUST007845,123265.27,5,VIP
CUST007847,39356.16,2,VIP
CUST007848,181538.07,7,VIP
CUST007849,113558.15,6,VIP
CUST007850,29984.350000000002,3,VIP
CUST007851,121114.42,3,VIP
CUST007852,166034.02,7,VIP
CUST007853,117472.6,4,VIP
CUST007854,176709.86,4,VIP
CUST007855,4516.53,1,High Value
CUST007856,104074.53,4,VIP
CUST007857,109531.69,4,VIP
CUST007858,113440.26,5,VIP
CUST007859,154882.91,6,VIP
CUST007860,97187.02,3,VIP
CUST007861,77166.06,4,VIP
CUST007862,61178.47,2,VIP
CUST007863,149519.99,5,VIP
CUST007864,98250.45,5,VIP
CUST007865,72860.92,3,VIP
CUST007866,187677.66,9,VIP
CUST007867,171490.29,6,VIP
CUST007868,5192.98,1,VIP
CUST007870,62517.02,4,VIP
CUST007872,44866.5,2,VIP
CUST007873,113198.09,6,VIP
CUST007874,59258.95,2,VIP
CUST007875,89931.78,2,VIP
CUST007876,96449.05,4,VIP
CUST007877,77189.11,5,VIP
CUST007878,161059.15,6,VIP
CUST007879,192079.24,7,VIP
CUST007880,134695.99,5,VIP
CUST007881,62747.759999999995,3,VIP
CUST007882,50293.48,3,VIP
CUST007883,115718.11,5,VIP
CUST007884,146220.16999999998,7,VIP
CUST007885,123699.73,5,VIP
CUST007886,79333.18,6,VIP
CUST007887,53458.130000000005,3,VIP
CUST007888,96733.38,4,VIP
CUST007889,199696.91999999998,7,VIP
CUST007890,184810.48,5,VIP
CUST007891,131300.08,5,VIP
CUST007892,49039.73,1,VIP
CUST007893,34525.32,3,VIP
CUST007894,145984.72,5,VIP
CUST007895,52612.21,2,VIP
CUST007896,116386.02,7,VIP
CUST007897,143202.75,5,VIP
CUST007898,168248.37,5,VIP
CUST007899,82074.83,2,VIP
CUST007900,117087.51,5,VIP
CUST007901,152186.75,5,VIP
CUST007902,76741.22,2,VIP
CUST007903,151201.66,5,VIP
CUST007904,136438.52,5,VIP
CUST007905,199935.68,8,VIP
CUST007906,144178.08,6,VIP
CUST007907,68796.67,3,VIP
CUST007908,98753.70000000001,4,VIP
CUST007909,57427.479999999996,3,VIP
CUST007910,87990.01999999999,4,VIP
CUST007911,151333.61,7,VIP
CUST007912,74916.46,4,VIP
CUST007913,94659.19,5,VIP
CUST007914,152424.56,6,VIP
CUST007915,8229.22,1,VIP
CUST007916,163910.75,6,VIP
CUST007917,44123.49,2,VIP
CUST007918,3758.82,1,High Value
CUST007919,108799.52,5,VIP
CUST007920,111551.48,3,VIP
CUST007921,96223.48,3,VIP
CUST007922,234083.8,8,VIP
CUST007923,94219.7,5,VIP
CUST007924,34301.58,1,VIP
CUST007925,155236.47,5,VIP
CUST007926,98757.65,3,VIP
CUST007927,94117.22,3,VIP
CUST007928,179231.66,6,VIP
CUST007929,32482.5,3,VIP
CUST007930,76418.84,2,VIP
CUST007931,92663.88,3,VIP
CUST007933,97376.6,3,VIP
CUST007934,160966.44,5,VIP
CUST007935,76580.31,2,VIP
CUST007936,55310.06,4,VIP
CUST007937,132912.11000000002,6,VIP
CUST007939,97702.34,4,VIP
CUST007940,195823.5,7,VIP
CUST007941,67468.53,4,VIP
CUST007942,66188.25,2,VIP
CUST007943,27057.41,1,VIP
CUST007944,195977.71,6,VIP
CUST007945,89472.28,4,VIP
CUST007946,66294.68,2,VIP
CUST007947,140198.57,4,VIP
CUST007948,249517.21,10,VIP
CUST007949,63492.770000000004,2,VIP
CUST007950,68781.76999999999,4,VIP
CUST007951,76106.29,3,VIP
CUST007952,173761.25,7,VIP
CUST007953,20792.79,3,VIP
CUST007954,67305.49,3,VIP
CUST007955,62469.51,4,VIP
CUST007956,63688.15,3,VIP
CUST007957,83215.40000000001,4,VIP
CUST007958,81589.88,5,VIP
CUST007960,101319.78,4,VIP
CUST007961,153991.22999999998,5,VIP
CUST007962,21385.64,2,VIP
CUST007963,158993.16999999998,4,VIP
CUST007964,252151.83,10,VIP
CUST007965,64220.95,3,VIP
CUST007966,85753.57,3,VIP
CUST007967,56269.16,2,VIP
CUST007968,33140.95,2,VIP
CUST007969,195178.48,8,VIP
CUST007970,29920.02,3,VIP
CUST007971,75185.26999999999,3,VIP
CUST007972,70925.43,4,VIP
CUST007973,35256.91,4,VIP
CUST007974,64578.03,2,VIP
CUST007975,61380.92,2,VIP
CUST007976,73642.93,4,VIP
CUST007977,34737.62,1,VIP
CUST007978,11051.72,1,VIP
CUST007979,93592.72,2,VIP
CUST007980,17941.0,2,VIP
CUST007981,190203.51,7,VIP
CUST007982,96613.77,4,VIP
CUST007983,64582.93,3,VIP
CUST007984,45710.03,2,VIP
CUST007985,111286.86,3,VIP
CUST007986,41536.1,2,VIP
CUST007987,88737.19,3,VIP
CUST007988,123169.15000000001,5,VIP
CUST007989,123786.26999999999,3,VIP
CUST007990,131754.15,4,VIP
CUST007991,151137.9,5,VIP
CUST007992,163260.3,5,VIP
CUST007993,17160.8,1,VIP
CUST007994,29335.33,1,VIP
CUST007995,140505.72,5,VIP
CUST007996,213814.84,6,VIP
CUST007997,58276.159999999996,3,VIP
CUST007998,81557.67,4,VIP
CUST007999,83760.04,5,VIP
CUST008000,165718.38,5,VIP
CUST008001,138447.91,4,VIP
CUST008002,41308.6,1,VIP
CUST008003,93664.99,3,VIP
CUST008004,29949.879999999997,2,VIP
CUST008005,188484.15,7,VIP
CUST008006,109258.92,3,VIP
CUST008007,117145.51,4,VIP
CUST008008,154153.52000000002,4,VIP
CUST008009,46695.07,5,VIP
CUST008010,135213.68,6,VIP
CUST008011,91463.06,3,VIP
CUST008012,56306.97,3,VIP
CUST008013,132674.76,5,VIP
CUST008015,42043.58,1,VIP
CUST008016,75853.11,3,VIP
CUST008017,118482.44,4,VIP
CUST008018,102942.89,5,VIP
CUST008019,129177.03,4,VIP
CUST008020,78337.5,4,VIP
CUST008021,1850.62,2,Mid Value
CUST008022,79429.51000000001,3,VIP
CUST008023,99616.57,3,VIP
CUST008024,65052.979999999996,3,VIP
CUST008025,32309.91,2,VIP
CUST008026,23020.489999999998,2,VIP
CUST008027,72543.73,5,VIP
CUST008028,44813.36,1,VIP
CUST008029,123647.98999999999,4,VIP
CUST008030,190392.53,6,VIP
CUST008031,22441.34,1,VIP
CUST008032,129109.97,5,VIP
CUST008033,186587.88,5,VIP
CUST008034,98848.18,4,VIP
CUST008035,173793.11,9,VIP
CUST008036,125236.68,3,VIP
CUST008037,118343.73000000001,4,VIP
CUST008038,31520.4,3,VIP
CUST008039,52012.11,4,VIP
CUST008040,126745.87,4,VIP
CUST008041,135720.87,4,VIP
CUST008042,81609.01000000001,5,VIP
CUST008043,110259.49,4,VIP
CUST008044,95682.98000000001,5,VIP
CUST008045,22589.11,2,VIP
CUST008046,127166.78,5,VIP
CUST008047,15687.6,3,VIP
CUST008048,76205.29000000001,2,VIP
CUST008049,35728.659999999996,2,VIP
CUST008050,82020.98000000001,3,VIP
CUST008051,125910.85,3,VIP
CUST008052,89510.08,4,VIP
CUST008053,134379.52,5,VIP
CUST008054,109138.48999999999,4,VIP
CUST008055,190484.90999999997,8,VIP
CUST008056,117267.19,5,VIP
CUST008057,104478.20999999999,3,VIP
CUST008058,19185.57,2,VIP
CUST008059,49054.17,3,VIP
CUST008060,92062.95999999999,5,VIP
CUST008061,44679.94,1,VIP
CUST008062,74478.42,3,VIP
CUST008063,119850.62,4,VIP
CUST008064,54344.71000000001,2,VIP
CUST008065,116099.15,6,VIP
CUST008066,95386.5,4,VIP
CUST008067,140674.57,5,VIP
CUST008068,77846.11,2,VIP
CUST008070,67190.91,3,VIP
CUST008071,56263.700000000004,2,VIP
CUST008072,60214.45,2,VIP
CUST008073,47085.43,2,VIP
CUST008074,92988.51000000001,2,VIP
CUST008075,62846.479999999996,4,VIP
CUST008076,166030.0,6,VIP
CUST008077,46234.06,3,VIP
CUST008078,78220.48999999999,3,VIP
CUST008079,188850.08000000002,6,VIP
CUST008080,240839.62,8,VIP
CUST008081,100902.41,5,VIP
CUST008082,194851.46,8,VIP
CUST008083,183272.58000000002,6,VIP
CUST008084,165213.94,6,VIP
CUST008085,33237.91,2,VIP
CUST008086,169268.04,6,VIP
CUST008087,27488.62,1,VIP
CUST008088,90348.22,4,VIP
CUST008089,137638.5,3,VIP
CUST008090,85262.6,3,VIP
CUST008091,116741.04000000001,5,VIP
CUST008092,237549.30000000002,6,VIP
CUST008093,199834.33000000002,8,VIP
CUST008094,105571.0,4,VIP
CUST008095,51472.1,2,VIP
CUST008096,109886.54000000001,5,VIP
CUST008097,74066.31999999999,5,VIP
CUST008098,64937.350000000006,3,VIP
CUST008099,54244.75,2,VIP
CUST008100,227385.67,9,VIP
CUST008101,144013.28999999998,5,VIP
CUST008102,86613.16,2,VIP
CUST008103,101842.69,4,VIP
CUST008104,194247.26,9,VIP
CUST008105,113979.20999999999,5,VIP
CUST008106,73540.78,5,VIP
CUST008107,214145.96,6,VIP
CUST008108,64615.03,3,VIP
CUST008109,73182.75,4,VIP
CUST008110,128703.29000000001,8,VIP
CUST008111,152407.79,8,VIP
CUST008112,126786.03,4,VIP
CUST008113,128955.57,3,VIP
CUST008114,65676.95,3,VIP
CUST008115,101754.76,3,VIP
CUST008116,94225.61,5,VIP
CUST008117,62049.83,3,VIP
CUST008118,180618.48,7,VIP
CUST008119,95155.54000000001,6,VIP
CUST008120,182043.41999999998,7,VIP
CUST008121,162898.85,6,VIP
CUST008122,108021.37,3,VIP
CUST008123,70117.45,2,VIP
CUST008124,64565.46,3,VIP
CUST008125,97332.85,3,VIP
CUST008126,77615.88,3,VIP
CUST008127,162377.68,5,VIP
CUST008128,77392.73,4,VIP
CUST008129,10382.73,1,VIP
CUST008130,128792.91,6,VIP
CUST008131,124850.41,6,VIP
CUST008132,103777.62,5,VIP
CUST008133,4493.63,1,High Value
CUST008134,143455.84,6,VIP
CUST008135,97265.17,5,VIP
CUST008136,22962.57,2,VIP
CUST008137,115295.48,4,VIP
CUST008138,124787.1,5,VIP
CUST008139,140548.68,4,VIP
CUST008140,111445.14,4,VIP
CUST008141,72586.17000000001,3,VIP
CUST008143,88115.95,3,VIP
CUST008144,79142.82,3,VIP
CUST008145,132632.35,7,VIP
CUST008146,151614.02,6,VIP
CUST008147,5679.6,1,VIP
CUST008148,64777.2,3,VIP
CUST008149,44361.19,2,VIP
CUST008150,27759.25,1,VIP
CUST008151,196870.25,6,VIP
CUST008152,239702.35,10,VIP
CUST008154,1832.92,1,Mid Value
CUST008155,38777.05,3,VIP
CUST008156,100249.8,3,VIP
CUST008157,112126.42,4,VIP
CUST008158,45901.04,1,VIP
CUST008159,92355.14,3,VIP
CUST008160,221896.78,6,VIP
CUST008161,90310.69,6,VIP
CUST008162,193299.51,7,VIP
CUST008163,159653.6,4,VIP
CUST008164,55329.17,4,VIP
CUST008165,44064.18,2,VIP
CUST008166,129316.78,5,VIP
CUST008167,11825.75,2,VIP
CUST008168,67102.19,3,VIP
CUST008169,65663.22,5,VIP
CUST008170,7668.44,1,VIP
CUST008171,26447.480000000003,3,VIP
CUST008172,67929.29999999999,4,VIP
CUST008173,107074.23,5,VIP
CUST008174,62357.450000000004,3,VIP
CUST008175,92059.53,5,VIP
CUST008176,45689.49,2,VIP
CUST008177,24895.690000000002,2,VIP
CUST008178,37259.62,2,VIP
CUST008179,207462.49,6,VIP
CUST008180,192161.59000000003,6,VIP
CUST008181,148859.87,5,VIP
CUST008182,250514.62,8,VIP
CUST008183,84895.43,2,VIP
CUST008184,94513.93000000001,5,VIP
CUST008185,99289.74,3,VIP
CUST008186,88527.12,5,VIP
CUST008187,95194.42000000001,3,VIP
CUST008188,129428.43,5,VIP
CUST008189,112549.76000000001,3,VIP
CUST008190,128518.39,4,VIP
CUST008191,83837.67,3,VIP
CUST008192,48011.84,3,VIP
CUST008193,107016.72,4,VIP
CUST008194,102258.68,4,VIP
CUST008195,178139.84,6,VIP
CUST008196,59482.25,3,VIP
CUST008197,95350.48000000001,5,VIP
CUST008198,86802.4,5,VIP
CUST008199,103650.23999999999,6,VIP
CUST008200,106947.2,3,VIP
CUST008201,102811.64,3,VIP
CUST008202,127949.75,6,VIP
CUST008203,111712.65,6,VIP
CUST008204,110806.12,6,VIP
CUST008205,28100.64,2,VIP
CUST008206,78342.69,4,VIP
CUST008207,53707.68,2,VIP
CUST008208,268211.35,8,VIP
CUST008209,92864.88,4,VIP
CUST008210,106131.26,4,VIP
CUST008211,111221.03,4,VIP
CUST008212,154114.22999999998,6,VIP
CUST008213,105515.92,4,VIP
CUST008214,63336.4,3,VIP
CUST008215,9791.56,1,VIP
CUST008216,14261.18,1,VIP
CUST008217,183639.97,6,VIP
CUST008218,41630.79,2,VIP
CUST008219,107893.95,5,VIP
CUST008220,91575.07,3,VIP
CUST008221,13809.65,1,VIP
CUST008222,131110.52,4,VIP
CUST008223,107717.56,4,VIP
CUST008224,52661.73,3,VIP
CUST008225,219569.96,7,VIP
CUST008226,47573.25,2,VIP
CUST008227,118673.08,6,VIP
CUST008228,146538.82,4,VIP
CUST008229,230428.19999999998,7,VIP
CUST008230,98943.88,4,VIP
CUST008231,88647.35,4,VIP
CUST008232,119430.58,4,VIP
CUST008233,30876.91,2,VIP
CUST008234,125530.06,4,VIP
CUST008235,66589.54,4,VIP
CUST008236,172029.25,6,VIP
CUST008237,145115.34,5,VIP
CUST008238,163822.33,6,VIP
CUST008239,76849.60999999999,3,VIP
CUST008240,60355.15,2,VIP
CUST008241,92051.84,4,VIP
CUST008242,94459.56,6,VIP
CUST008243,106961.25,6,VIP
CUST008244,143995.58000000002,6,VIP
CUST008245,71012.31999999999,4,VIP
CUST008246,25218.85,1,VIP
CUST008247,21212.0,1,VIP
CUST008248,87147.93,4,VIP
CUST008249,108344.84,5,VIP
CUST008250,83863.33,2,VIP
CUST008251,87360.86,5,VIP
CUST008252,108469.96,4,VIP
CUST008253,56069.32,2,VIP
CUST008254,65443.03,2,VIP
CUST008255,152700.98,8,VIP
CUST008256,60895.83,4,VIP
CUST008257,106797.81999999999,4,VIP
CUST008258,169630.91,6,VIP
CUST008259,74690.39,3,VIP
CUST008260,78263.22,6,VIP
CUST008261,50783.6,2,VIP
CUST008262,136856.53,5,VIP
CUST008263,189330.5,8,VIP
CUST008264,142627.39,5,VIP
CUST008265,170151.86000000002,5,VIP
CUST008266,137216.39,6,VIP
CUST008267,72527.70999999999,3,VIP
CUST008268,137778.91,6,VIP
CUST008269,144035.16,6,VIP
CUST008270,70481.81999999999,3,VIP
CUST008271,166405.28,5,VIP
CUST008272,71546.62,3,VIP
CUST008273,36501.95,1,VIP
CUST008274,162375.5,5,VIP
CUST008275,171292.97,8,VIP
CUST008276,138439.09,4,VIP
CUST008277,166732.68,7,VIP
CUST008278,123344.44,5,VIP
CUST008279,5959.96,2,VIP
CUST008280,116686.55,5,VIP
CUST008281,120499.8,4,VIP
CUST008282,102990.63,4,VIP
CUST008283,183662.04,7,VIP
CUST008284,102672.19,3,VIP
CUST008285,91627.32,6,VIP
CUST008286,143655.47,6,VIP
CUST008287,120295.52,5,VIP
CUST008288,172184.71,10,VIP
CUST008289,92197.65,4,VIP
CUST008290,40022.75,3,VIP
CUST008291,60278.97,3,VIP
CUST008292,73445.58,4,VIP
CUST008293,18484.62,2,VIP
CUST008294,152904.48,6,VIP
CUST008295,88855.78,5,VIP
CUST008296,323229.19,8,VIP
CUST008297,38373.84,3,VIP
CUST008298,73948.92,3,VIP
CUST008299,75944.54000000001,2,VIP
CUST008300,159959.04,5,VIP
CUST008301,100707.13,4,VIP
CUST008302,96298.39,6,VIP
CUST008303,87448.39,3,VIP
CUST008304,173906.97,7,VIP
CUST008305,122085.38,7,VIP
CUST008306,85083.34,2,VIP
CUST008307,98402.97,8,VIP
CUST008308,72662.78,4,VIP
CUST008309,86285.31,4,VIP
CUST008310,94183.38,4,VIP
CUST008311,49815.97,2,VIP
CUST008312,79542.02,5,VIP
CUST008313,72897.84,2,VIP
CUST008314,80137.52,4,VIP
CUST008315,85007.9,2,VIP
CUST008316,50655.22,2,VIP
CUST008317,86065.69,4,VIP
CUST008318,168635.07,6,VIP
CUST008319,100030.09,5,VIP
CUST008320,84559.92000000001,3,VIP
CUST008321,124605.07,6,VIP
CUST008322,53972.43,3,VIP
CUST008323,78234.24,4,VIP
CUST008324,86754.37999999999,4,VIP
CUST008325,31166.410000000003,2,VIP
CUST008326,110330.88,5,VIP
CUST008327,169858.22999999998,5,VIP
CUST008328,105771.45,4,VIP
CUST008329,170926.22,6,VIP
CUST008330,206497.84,8,VIP
CUST008331,111582.64,6,VIP
CUST008332,75006.58,6,VIP
CUST008333,120206.01000000001,4,VIP
CUST008334,85287.65,3,VIP
CUST008335,137461.63,5,VIP
CUST008336,107765.87,5,VIP
CUST008337,63219.340000000004,2,VIP
CUST008338,121898.09,5,VIP
CUST008339,69606.70999999999,4,VIP
CUST008340,73765.7,5,VIP
CUST008341,192607.41999999998,7,VIP
CUST008342,110755.1,4,VIP
CUST008343,19247.39,2,VIP
CUST008344,95734.12,4,VIP
CUST008345,29441.46,2,VIP
CUST008346,72847.04,5,VIP
CUST008347,141977.66999999998,6,VIP
CUST008348,75031.37,3,VIP
CUST008349,78499.0,2,VIP
CUST008350,47343.82,1,VIP
CUST008351,151160.0,7,VIP
CUST008352,99021.07999999999,3,VIP
CUST008353,140885.53,6,VIP
CUST008354,108230.84,6,VIP
CUST008355,198941.44,9,VIP
CUST008356,126507.87,4,VIP
CUST008357,110813.77,3,VIP
CUST008358,62991.82,3,VIP
CUST008359,86274.09,3,VIP
CUST008360,86878.48,5,VIP
CUST008361,48567.3,1,VIP
CUST008362,134804.33000000002,4,VIP
CUST008363,74638.04,5,VIP
CUST008364,88762.93,5,VIP
CUST008365,98857.76999999999,4,VIP
CUST008366,90973.18999999999,4,VIP
CUST008367,134794.24,5,VIP
CUST008368,17063.18,3,VIP
CUST008369,134605.90000000002,4,VIP
CUST008370,76550.03,4,VIP
CUST008372,17385.78,1,VIP
CUST008373,60888.31,4,VIP
CUST008374,68579.31,5,VIP
CUST008375,126330.91,6,VIP
CUST008376,4669.98,2,High Value
CUST008377,41739.4,2,VIP
CUST008378,175376.1,6,VIP
CUST008379,150535.22999999998,5,VIP
CUST008380,59592.86,2,VIP
CUST008381,70181.29999999999,3,VIP
CUST008382,180868.6,6,VIP
CUST008383,234481.19,10,VIP
CUST008384,115832.87,4,VIP
CUST008385,102801.09,3,VIP
CUST008386,258186.28,10,VIP
CUST008387,43003.14,3,VIP
CUST008388,111287.56999999999,4,VIP
CUST008389,144143.2,5,VIP
CUST008390,52570.75,5,VIP
CUST008391,51590.62,4,VIP
CUST008392,38029.44,2,VIP
CUST008393,111601.09999999999,4,VIP
CUST008394,104094.91,4,VIP
CUST008395,39315.77,2,VIP
CUST008396,51827.659999999996,3,VIP
CUST008397,107296.78,4,VIP
CUST008398,74944.01999999999,4,VIP
CUST008399,185227.72,7,VIP
CUST008400,48386.579999999994,2,VIP
CUST008401,25449.440000000002,2,VIP
CUST008402,176042.06,6,VIP
CUST008403,55979.97,4,VIP
CUST008404,174621.74,4,VIP
CUST008405,114982.81,4,VIP
CUST008406,33703.18,3,VIP
CUST008407,164192.81,6,VIP
CUST008408,106851.02,5,VIP
CUST008409,193453.49,7,VIP
CUST008410,102839.86,5,VIP
CUST008411,140271.19,4,VIP
CUST008412,129732.37,5,VIP
CUST008413,98396.89,4,VIP
CUST008414,16850.64,2,VIP
CUST008415,43877.34,2,VIP
CUST008416,99649.37,3,VIP
CUST008417,88828.53,4,VIP
CUST008418,57771.66,2,VIP
CUST008419,71599.01999999999,3,VIP
CUST008420,169760.04,6,VIP
CUST008421,96091.24,3,VIP
CUST008422,9572.54,1,VIP
CUST008423,124819.56,4,VIP
CUST008424,198560.02000000002,7,VIP
CUST008425,86824.81,5,VIP
CUST008426,40370.7,2,VIP
CUST008427,132993.44,4,VIP
CUST008428,161175.6,5,VIP
CUST008429,91661.95,4,VIP
CUST008430,128568.04000000001,4,VIP
CUST008431,153915.57,4,VIP
CUST008432,165722.26,5,VIP
CUST008433,164269.63,5,VIP
CUST008434,24159.42,1,VIP
CUST008435,104723.09,3,VIP
CUST008436,241521.61,8,VIP
CUST008437,58742.64,2,VIP
CUST008438,178988.1,7,VIP
CUST008439,138740.78,4,VIP
CUST008440,170791.88,6,VIP
CUST008441,222954.0,7,VIP
CUST008442,144137.69999999998,5,VIP
CUST008443,45166.009999999995,2,VIP
CUST008444,119877.64,5,VIP
CUST008445,65021.38999999999,3,VIP
CUST008446,93437.59,4,VIP
CUST008447,38130.549999999996,2,VIP
CUST008448,80009.03,3,VIP
CUST008449,25825.26,1,VIP
CUST008450,133858.42,4,VIP
CUST008451,43042.4,2,VIP
CUST008452,139965.99,4,VIP
CUST008453,105390.05,4,VIP
CUST008454,129059.7,5,VIP
CUST008455,163014.3,6,VIP
CUST008457,39363.840000000004,4,VIP
CUST008458,84741.56,4,VIP
CUST008459,100519.15000000001,5,VIP
CUST008460,16027.670000000002,2,VIP
CUST008461,181466.36,7,VIP
CUST008462,23655.21,1,VIP
CUST008463,124166.32,4,VIP
CUST008464,77885.24,4,VIP
CUST008465,71781.26000000001,3,VIP
CUST008467,70675.89,3,VIP
CUST008468,119846.59,5,VIP
CUST008469,71743.08,3,VIP
CUST008470,114210.26,5,VIP
CUST008471,96777.56,5,VIP
CUST008472,100640.88,3,VIP
CUST008473,116038.34,4,VIP
CUST008475,188870.82,6,VIP
CUST008476,149647.77,4,VIP
CUST008477,5332.64,1,VIP
CUST008478,104458.67,4,VIP
CUST008479,122527.66,4,VIP
CUST008480,71608.92,3,VIP
CUST008481,197750.59999999998,7,VIP
CUST008482,151933.34,7,VIP
CUST008483,70999.64,3,VIP
CUST008484,118830.69,3,VIP
CUST008485,63619.26,4,VIP
CUST008486,161558.95,6,VIP
CUST008487,142048.63,6,VIP
CUST008488,76766.73,5,VIP
CUST008489,49975.74,3,VIP
CUST008490,157707.0,6,VIP
CUST008492,109786.57999999999,4,VIP
CUST008493,172956.94,9,VIP
CUST008494,120829.43000000001,6,VIP
CUST008495,115552.1,4,VIP
CUST008496,194658.71,7,VIP
CUST008497,100720.37,6,VIP
CUST008498,145192.53,4,VIP
CUST008499,232974.7,9,VIP
CUST008500,134682.49,7,VIP
CUST008501,77174.33,3,VIP
CUST008502,25547.45,1,VIP
CUST008503,196655.09,5,VIP
CUST008504,33455.36,3,VIP
CUST008505,96892.75,5,VIP
CUST008506,101801.16,4,VIP
CUST008507,76272.68,5,VIP
CUST008508,53156.66,3,VIP
CUST008509,25338.82,2,VIP
CUST008510,23951.41,1,VIP
CUST008511,156133.23,6,VIP
CUST008512,33905.45,1,VIP
CUST008513,120712.46,4,VIP
CUST008514,149546.86,5,VIP
CUST008515,147747.18,4,VIP
CUST008516,42186.67,4,VIP
CUST008517,48713.159999999996,2,VIP
CUST008518,25995.52,2,VIP
CUST008519,160699.74,6,VIP
CUST008520,166991.08,6,VIP
CUST008521,77172.36,2,VIP
CUST008522,189480.45,6,VIP
CUST008523,27808.71,2,VIP
CUST008524,68943.39,2,VIP
CUST008525,78767.91,3,VIP
CUST008526,106616.42,5,VIP
CUST008527,97623.62,3,VIP
CUST008528,19315.71,2,VIP
CUST008529,100080.33,4,VIP
CUST008530,99531.25,4,VIP
CUST008531,100354.51999999999,4,VIP
CUST008532,176933.63,8,VIP
CUST008533,128480.1,3,VIP
CUST008534,147509.13,6,VIP
CUST008535,44468.46,4,VIP
CUST008536,141720.16,4,VIP
CUST008537,179179.06,7,VIP
CUST008538,202792.03,9,VIP
CUST008539,50210.28,2,VIP
CUST008540,45774.95,2,VIP
CUST008541,151687.81,9,VIP
CUST008542,159236.65,5,VIP
CUST008543,114922.76,4,VIP
CUST008544,197259.21,9,VIP
CUST008545,22453.7,3,VIP
CUST008546,83492.19,4,VIP
CUST008547,86801.84,3,VIP
CUST008548,42793.35,1,VIP
CUST008549,113186.75,5,VIP
CUST008550,22149.81,2,VIP
CUST008551,68613.0,4,VIP
CUST008552,77357.95999999999,5,VIP
CUST008553,173577.72,9,VIP
CUST008554,58394.48,4,VIP
CUST008555,148921.16,5,VIP
CUST008556,143255.49,4,VIP
CUST008557,215385.84,5,VIP
CUST008558,71484.14000000001,3,VIP
CUST008559,8786.75,1,VIP
CUST008560,219664.23,7,VIP
CUST008561,177382.0,6,VIP
CUST008562,4035.08,1,High Value
CUST008563,161519.79,8,VIP
CUST008564,69368.78,3,VIP
CUST008565,188882.15,7,VIP
CUST008566,60585.44,3,VIP
CUST008567,71861.83,3,VIP
CUST008568,117501.96,4,VIP
CUST008569,54507.4,3,VIP
CUST008570,25720.98,1,VIP
CUST008571,55444.2,2,VIP
CUST008572,165984.12,6,VIP
CUST008573,81720.63,2,VIP
CUST008574,69811.79000000001,3,VIP
CUST008575,175914.26,6,VIP
CUST008576,140823.05,6,VIP
CUST008577,50111.85,2,VIP
CUST008578,71579.63,4,VIP
CUST008579,100256.39,4,VIP
CUST008580,45178.76,3,VIP
CUST008581,126818.98000000001,4,VIP
CUST008582,83101.83,4,VIP
CUST008583,85015.09,2,VIP
CUST008584,123725.76,5,VIP
CUST008585,88822.02,3,VIP
CUST008586,64646.56,3,VIP
CUST008587,26115.88,1,VIP
CUST008588,110292.95,6,VIP
CUST008589,159672.14,5,VIP
CUST008590,171236.35,6,VIP
CUST008591,91280.62,6,VIP
CUST008592,160578.27,7,VIP
CUST008593,128856.4,5,VIP
CUST008594,100997.1,6,VIP
CUST008595,75929.47,4,VIP
CUST008596,88547.54000000001,5,VIP
CUST008597,175922.40000000002,4,VIP
CUST008598,90691.56999999999,3,VIP
CUST008599,77291.43,2,VIP
CUST008600,109323.82,5,VIP
CUST008601,90130.43,4,VIP
CUST008602,69514.38,4,VIP
CUST008603,68804.58,2,VIP
CUST008604,206237.9,8,VIP
CUST008605,39620.369999999995,4,VIP
CUST008606,178367.23,6,VIP
CUST008607,74142.66,5,VIP
CUST008608,67226.13,2,VIP
CUST008609,71840.09,3,VIP
CUST008610,206706.41999999998,10,VIP
CUST008611,153640.63,8,VIP
CUST008612,107272.1,4,VIP
CUST008613,23224.46,2,VIP
CUST008614,237490.92,8,VIP
CUST008615,272513.16,7,VIP
CUST008616,113899.5,5,VIP
CUST008617,232219.3,7,VIP
CUST008618,169659.23,7,VIP
CUST008619,34626.94,2,VIP
CUST008620,141122.52,4,VIP
CUST008621,156397.28,5,VIP
CUST008622,92925.88,3,VIP
CUST008623,56062.6,2,VIP
CUST008624,151127.82,5,VIP
CUST008625,40645.71,1,VIP
CUST008626,22003.8,1,VIP
CUST008627,45033.31,2,VIP
CUST008628,79629.05,4,VIP
CUST008629,107679.22,5,VIP
CUST008630,58483.68,2,VIP
CUST008631,84869.17000000001,2,VIP
CUST008632,150976.53,4,VIP
CUST008633,33323.7,2,VIP
CUST008634,2303.72,1,High Value
CUST008635,125197.21,4,VIP
CUST008636,158515.35,4,VIP
CUST008637,24270.46,1,VIP
CUST008638,173475.56,6,VIP
CUST008639,46119.74,2,VIP
CUST008640,181420.29,6,VIP
CUST008641,187426.52,5,VIP
CUST008642,350203.87,12,VIP
CUST008643,227150.06,7,VIP
CUST008644,70715.67,3,VIP
CUST008645,109757.87,4,VIP
CUST008646,194456.05,7,VIP
CUST008647,40945.33,2,VIP
CUST008648,27763.84,2,VIP
CUST008649,183805.89,5,VIP
CUST008650,177947.45,7,VIP
CUST008651,174486.07,5,VIP
CUST008652,2730.97,1,High Value
CUST008653,123101.29000000001,6,VIP
CUST008654,146389.8,7,VIP
CUST008655,132167.43,6,VIP
CUST008656,24042.72,3,VIP
CUST008657,120063.45999999999,5,VIP
CUST008658,80143.38,2,VIP
CUST008659,81204.04,3,VIP
CUST008660,92966.25,4,VIP
CUST008661,157010.90999999997,6,VIP
CUST008662,89578.23000000001,4,VIP
CUST008663,69935.78,4,VIP
CUST008664,209236.82,7,VIP
CUST008665,99181.76999999999,3,VIP
CUST008666,156956.7,5,VIP
CUST008667,53447.17,3,VIP
CUST008668,284144.03,9,VIP
CUST008669,218407.91,9,VIP
CUST008670,71708.36,6,VIP
CUST008671,61524.55,2,VIP
CUST008672,71913.97,3,VIP
CUST008673,39022.66,2,VIP
CUST008674,133989.71,4,VIP
CUST008675,110056.19,6,VIP
CUST008676,39226.18,4,VIP
CUST008677,115251.34,6,VIP
CUST008678,12276.67,1,VIP
CUST008679,84180.32,2,VIP
CUST008680,209579.44,9,VIP
CUST008681,135619.72,6,VIP
CUST008682,239355.80000000002,8,VIP
CUST008683,42376.3,2,VIP
CUST008684,168127.16,8,VIP
CUST008685,98784.06,4,VIP
CUST008686,132260.68,6,VIP
CUST008687,115403.98,5,VIP
CUST008688,95963.38,4,VIP
CUST008689,43129.28,2,VIP
CUST008690,51400.61,2,VIP
CUST008691,65814.70999999999,4,VIP
CUST008692,149820.82,5,VIP
CUST008693,74088.01,4,VIP
CUST008694,115072.36,5,VIP
CUST008695,90935.82,4,VIP
CUST008696,122125.26000000001,5,VIP
CUST008697,40352.17,2,VIP
CUST008698,36256.04,1,VIP
CUST008699,74327.37,5,VIP
CUST008700,36764.3,1,VIP
CUST008701,46329.57,1,VIP
CUST008702,80678.32,4,VIP
CUST008703,157695.32,6,VIP
CUST008704,118052.94,5,VIP
CUST008705,153406.16999999998,5,VIP
CUST008706,67073.3,2,VIP
CUST008707,214850.26,7,VIP
CUST008708,40784.39,3,VIP
CUST008709,169199.08,6,VIP
CUST008710,192183.28999999998,6,VIP
CUST008711,107273.25,4,VIP
CUST008712,83025.6,3,VIP
CUST008713,147289.56,5,VIP
CUST008714,126532.61,4,VIP
CUST008715,137240.58000000002,5,VIP
CUST008716,119458.37,4,VIP
CUST008717,177731.12,7,VIP
CUST008718,110861.25,3,VIP
CUST008719,107430.84,5,VIP
CUST008720,81914.74,3,VIP
CUST008721,60917.14000000001,3,VIP
CUST008722,103090.51000000001,5,VIP
CUST008723,47143.05,2,VIP
CUST008724,74612.1,3,VIP
CUST008726,29781.049999999996,2,VIP
CUST008727,19722.53,3,VIP
CUST008728,222270.96000000002,6,VIP
CUST008729,63655.11,4,VIP
CUST008730,49764.04,3,VIP
CUST008731,208429.37,7,VIP
CUST008732,114914.06,4,VIP
CUST008733,75575.01,5,VIP
CUST008734,37181.63,1,VIP
CUST008735,25054.27,1,VIP
CUST008736,19280.82,5,VIP
CUST008737,101322.98999999999,5,VIP
CUST008738,2577.77,1,High Value
CUST008739,171038.06,6,VIP
CUST008740,88022.14,4,VIP
CUST008741,150197.44,4,VIP
CUST008742,137971.89,4,VIP
CUST008743,19471.940000000002,2,VIP
CUST008744,124551.03,5,VIP
CUST008745,72289.56,4,VIP
CUST008746,211767.1,6,VIP
CUST008747,113984.07,3,VIP
CUST008748,195819.96,6,VIP
CUST008749,175125.22999999998,5,VIP
CUST008750,178251.16999999998,6,VIP
CUST008751,123024.11,4,VIP
CUST008752,108561.29000000001,4,VIP
CUST008753,95630.01000000001,6,VIP
CUST008754,101486.56,6,VIP
CUST008755,181886.87,7,VIP
CUST008756,62746.87,3,VIP
CUST008757,59668.58,3,VIP
CUST008758,180270.08000000002,6,VIP
CUST008759,89965.19,5,VIP
CUST008760,124507.06,3,VIP
CUST008761,44219.46,3,VIP
CUST008762,38488.05,1,VIP
CUST008763,155015.33000000002,4,VIP
CUST008764,59396.939999999995,2,VIP
CUST008765,37775.23,1,VIP
CUST008766,213462.03,7,VIP
CUST008767,31038.63,2,VIP
CUST008768,82557.11,3,VIP
CUST008770,160290.54,4,VIP
CUST008771,90022.48000000001,2,VIP
CUST008772,74390.82,5,VIP
CUST008773,57587.32,3,VIP
CUST008774,25834.51,1,VIP
CUST008775,65802.62,2,VIP
CUST008776,99950.97,3,VIP
CUST008777,104989.32,3,VIP
CUST008778,216495.15,8,VIP
CUST008779,28144.800000000003,3,VIP
CUST008780,32164.15,1,VIP
CUST008781,179957.57,7,VIP
CUST008782,58101.24,2,VIP
CUST008783,47966.78,4,VIP
CUST008784,91458.31,4,VIP
CUST008785,71304.16,3,VIP
CUST008786,129644.93,6,VIP
CUST008787,73828.06,4,VIP
CUST008788,93305.03,4,VIP
CUST008789,21556.02,2,VIP
CUST008790,184038.88,7,VIP
CUST008791,197661.50999999998,6,VIP
CUST008792,97159.85,4,VIP
CUST008793,120454.36,3,VIP
CUST008794,195758.21,7,VIP
CUST008795,47876.08,1,VIP
CUST008796,68663.39,2,VIP
CUST008797,17985.11,1,VIP
CUST008798,62749.579999999994,3,VIP
CUST008799,87222.85,7,VIP
CUST008800,23243.05,3,VIP
CUST008801,87602.58,3,VIP
CUST008802,137416.69,6,VIP
CUST008803,122223.81,5,VIP
CUST008804,72261.83,5,VIP
CUST008805,48578.91,1,VIP
CUST008806,202094.48,7,VIP
CUST008807,98570.79999999999,3,VIP
CUST008808,156632.03999999998,5,VIP
CUST008809,73191.25,2,VIP
CUST008810,163717.81,6,VIP
CUST008811,68304.84,3,VIP
CUST008812,141306.28,5,VIP
CUST008813,49811.97,3,VIP
CUST008814,79081.15,4,VIP
CUST008815,94312.51000000001,3,VIP
CUST008816,116674.66,5,VIP
CUST008817,37092.41,2,VIP
CUST008818,48088.42,1,VIP
CUST008819,116445.94,5,VIP
CUST008820,64483.10999999999,4,VIP
CUST008821,35669.76,1,VIP
CUST008822,168097.12,5,VIP
CUST008823,62309.92,4,VIP
CUST008824,112563.91,3,VIP
CUST008825,199684.34999999998,6,VIP
CUST008826,55664.81,2,VIP
CUST008827,90751.58,4,VIP
CUST008828,125029.10999999999,4,VIP
CUST008829,45771.13,3,VIP
CUST008830,134190.72999999998,4,VIP
CUST008831,83761.73000000001,3,VIP
CUST008832,197444.47,5,VIP
CUST008833,120554.07,3,VIP
CUST008834,18731.53,2,VIP
CUST008835,124466.18000000001,7,VIP
CUST008837,14416.52,1,VIP
CUST008838,155046.7,8,VIP
CUST008839,167424.46,7,VIP
CUST008840,41148.56,3,VIP
CUST008841,17478.68,1,VIP
CUST008842,92447.83,4,VIP
CUST008843,96820.8,4,VIP
CUST008844,142158.7,6,VIP
CUST008845,122349.51,4,VIP
CUST008846,192483.41999999998,9,VIP
CUST008847,74087.22,4,VIP
CUST008848,94307.42,4,VIP
CUST008849,70508.93999999999,3,VIP
CUST008850,219373.19,10,VIP
CUST008851,39523.96,2,VIP
CUST008852,174983.06,5,VIP
CUST008853,188146.35,9,VIP
CUST008854,75075.44,3,VIP
CUST008855,116754.17,4,VIP
CUST008856,215315.91,7,VIP
CUST008857,129099.82,3,VIP
CUST008858,99273.73,3,VIP
CUST008859,116586.59,5,VIP
CUST008860,211008.47,7,VIP
CUST008861,195928.28,8,VIP
CUST008862,97852.75,5,VIP
CUST008863,129312.77,6,VIP
CUST008864,165731.79,4,VIP
CUST008865,69303.86,2,VIP
CUST008866,88297.28,5,VIP
CUST008867,84147.45,4,VIP
CUST008868,140809.69,5,VIP
CUST008869,41183.399999999994,3,VIP
CUST008870,93200.95999999999,4,VIP
CUST008871,87144.14,4,VIP
CUST008872,62523.66,3,VIP
CUST008873,137550.15,6,VIP
CUST008874,98586.68,4,VIP
CUST008875,47136.81,2,VIP
CUST008876,137677.09,4,VIP
CUST008877,276243.62,9,VIP
CUST008878,217921.72,7,VIP
CUST008879,42909.17,2,VIP
CUST008880,55152.94,2,VIP
CUST008881,41374.84,3,VIP
CUST008882,116734.39,6,VIP
CUST008883,117522.23,5,VIP
CUST008884,179402.36000000002,5,VIP
CUST008885,25617.76,1,VIP
CUST008886,211529.01,8,VIP
CUST008887,112906.15000000001,5,VIP
CUST008888,37212.6,3,VIP
CUST008889,189659.66999999998,7,VIP
CUST008890,133238.52000000002,4,VIP
CUST008891,106253.61,6,VIP
CUST008892,109852.01000000001,3,VIP
CUST008893,84953.96,3,VIP
CUST008894,63368.91,2,VIP
CUST008895,20178.61,1,VIP
CUST008896,64020.06,3,VIP
CUST008897,99583.33,4,VIP
CUST008898,50855.01,2,VIP
CUST008899,52172.619999999995,2,VIP
CUST008900,202579.37,7,VIP
CUST008901,68554.98,4,VIP
CUST008902,90365.68,4,VIP
CUST008903,71534.42,2,VIP
CUST008904,116840.24,5,VIP
CUST008905,43759.36,2,VIP
CUST008906,145627.05,5,VIP
CUST008907,29758.859999999997,2,VIP
CUST008908,133665.81,5,VIP
CUST008909,44291.83,3,VIP
CUST008910,54565.020000000004,3,VIP
CUST008911,112287.26000000001,4,VIP
CUST008912,59713.94,2,VIP
CUST008913,8998.8,1,VIP
CUST008914,231364.41999999998,8,VIP
CUST008915,85779.23999999999,5,VIP
CUST008916,242352.93,7,VIP
CUST008917,86192.45999999999,3,VIP
CUST008918,91413.3,3,VIP
CUST008919,13860.79,1,VIP
CUST008920,128022.53,4,VIP
CUST008921,98931.18,6,VIP
CUST008922,72047.37,4,VIP
CUST008923,225128.08000000002,7,VIP
CUST008924,122159.18,5,VIP
CUST008925,87322.85,2,VIP
CUST008926,143354.57,5,VIP
CUST008927,70890.58,2,VIP
CUST008928,9991.98,1,VIP
CUST008929,49704.19,1,VIP
CUST008930,138279.32,5,VIP
CUST008931,173021.45,4,VIP
CUST008932,127703.58,8,VIP
CUST008933,224600.83000000002,8,VIP
CUST008934,47410.43,3,VIP
CUST008935,66794.9,5,VIP
CUST008937,137629.96,4,VIP
CUST008938,145025.6,5,VIP
CUST008939,130688.41,6,VIP
CUST008940,90775.18,4,VIP
CUST008941,124318.36,5,VIP
CUST008942,22028.31,1,VIP
CUST008943,120954.32,3,VIP
CUST008944,120031.18,3,VIP
CUST008945,112554.16,6,VIP
CUST008946,131537.42,4,VIP
CUST008947,110383.55,4,VIP
CUST008948,111643.41,5,VIP
CUST008949,125510.94,4,VIP
CUST008950,147699.41,5,VIP
CUST008951,47355.32,1,VIP
CUST008952,93498.29,3,VIP
CUST008953,91699.11,2,VIP
CUST008954,161144.52000000002,5,VIP
CUST008955,118575.1,6,VIP
CUST008956,120362.78,5,VIP
CUST008957,43157.729999999996,3,VIP
CUST008958,31899.45,3,VIP
CUST008959,221151.76,6,VIP
CUST008960,83437.08,4,VIP
CUST008961,130255.87,4,VIP
CUST008962,47804.06,3,VIP
CUST008963,107964.8,4,VIP
CUST008964,52722.36,2,VIP
CUST008965,103926.61,3,VIP
CUST008966,98857.48999999999,6,VIP
CUST008968,171394.3,7,VIP
CUST008969,150360.25,4,VIP
CUST008970,84461.72,3,VIP
CUST008971,233061.91,7,VIP
CUST008972,276068.22,8,VIP
CUST008973,111021.48999999999,4,VIP
CUST008974,63143.39,2,VIP
CUST008975,90462.33,2,VIP
CUST008976,81363.45999999999,4,VIP
CUST008977,99356.79000000001,4,VIP
CUST008979,59666.71000000001,2,VIP
CUST008980,61181.33,2,VIP
CUST008981,88348.45000000001,5,VIP
CUST008982,83813.92,2,VIP
CUST008983,38573.21,3,VIP
CUST008984,140231.58,5,VIP
CUST008985,42727.26,2,VIP
CUST008986,147201.80000000002,4,VIP
CUST008987,121098.65,5,VIP
CUST008988,50556.670000000006,2,VIP
CUST008989,141217.02000000002,6,VIP
CUST008990,66833.45,2,VIP
CUST008991,140889.66,5,VIP
CUST008992,63304.25,2,VIP
CUST008993,23570.0,2,VIP
CUST008994,98162.54000000001,2,VIP
CUST008995,41883.21,3,VIP
CUST008997,133474.45,4,VIP
CUST008998,181517.6,6,VIP
CUST008999,131348.1,6,VIP
CUST009000,80666.93000000001,3,VIP
CUST009001,194378.18,6,VIP
CUST009002,120685.42,4,VIP
CUST009003,73953.63,4,VIP
CUST009004,48648.64,1,VIP
CUST009005,99390.58,5,VIP
CUST009006,154089.11,6,VIP
CUST009007,125827.34,5,VIP
CUST009008,68157.56999999999,3,VIP
CUST009009,30211.93,3,VIP
CUST009010,152556.62,4,VIP
CUST009011,77376.99,4,VIP
CUST009012,165236.0,7,VIP
CUST009013,80079.35,5,VIP
CUST009014,123263.24,3,VIP
CUST009015,118977.52,4,VIP
CUST009016,217149.87,5,VIP
CUST009017,64442.649999999994,3,VIP
CUST009018,120655.4,5,VIP
CUST009019,40463.17,3,VIP
CUST009020,159265.79,6,VIP
CUST009021,94993.03,4,VIP
CUST009022,41726.58,3,VIP
CUST009023,52673.61,4,VIP
CUST009024,40365.92,3,VIP
CUST009025,85690.56999999999,3,VIP
CUST009026,42725.71,1,VIP
CUST009027,15033.74,3,VIP
CUST009028,230626.77,6,VIP
CUST009029,130729.81,5,VIP
CUST009030,84407.76000000001,3,VIP
CUST009031,137893.69,7,VIP
CUST009032,88205.20000000001,4,VIP
CUST009033,51791.07,2,VIP
CUST009034,55290.05,3,VIP
CUST009035,104944.57,4,VIP
CUST009036,23022.239999999998,2,VIP
CUST009037,146539.38,6,VIP
CUST009038,18719.82,2,VIP
CUST009039,107026.74,4,VIP
CUST009040,87531.06999999999,5,VIP
CUST009041,41513.46,2,VIP
CUST009042,109077.33,6,VIP
CUST009043,44846.96,2,VIP
CUST009044,200639.41999999998,7,VIP
CUST009045,150843.88,5,VIP
CUST009046,258723.08000000002,7,VIP
CUST009047,136271.73,5,VIP
CUST009048,15922.75,2,VIP
CUST009049,132374.36000000002,5,VIP
CUST009050,144797.38,8,VIP
CUST009051,137443.01,4,VIP
CUST009052,82318.78,5,VIP
CUST009053,47168.71,1,VIP
CUST009055,109878.37,4,VIP
CUST009056,162435.51,5,VIP
CUST009057,63011.70999999999,2,VIP
CUST009058,29812.22,3,VIP
CUST009059,184798.74000000002,6,VIP
CUST009060,4657.87,1,High Value
CUST009061,54265.4,2,VIP
CUST009062,143588.45,5,VIP
CUST009063,204007.82,6,VIP
CUST009064,111845.67000000001,6,VIP
CUST009066,55941.759999999995,3,VIP
CUST009067,147096.12,5,VIP
CUST009068,84181.37,4,VIP
CUST009069,97482.54999999999,5,VIP
CUST009070,157011.46,7,VIP
CUST009071,142094.26,5,VIP
CUST009072,334861.07,11,VIP
CUST009073,59902.83,5,VIP
CUST009074,165668.44,5,VIP
CUST009075,78064.1,6,VIP
CUST009076,58537.1,4,VIP
CUST009077,77817.79,3,VIP
CUST009078,118941.43,7,VIP
CUST009079,5869.25,2,VIP
CUST009080,79288.47,3,VIP
CUST009081,73534.13,2,VIP
CUST009082,91295.45000000001,4,VIP
CUST009083,36402.01,1,VIP
CUST009085,21021.46,3,VIP
CUST009086,79276.88,6,VIP
CUST009087,47834.13,4,VIP
CUST009088,26929.94,1,VIP
CUST009089,86434.44,5,VIP
CUST009090,157637.72,5,VIP
CUST009091,128942.44,5,VIP
CUST009092,127881.58,4,VIP
CUST009093,52139.99,2,VIP
CUST009094,20427.24,1,VIP
CUST009095,94426.31,3,VIP
CUST009096,104092.93000000001,4,VIP
CUST009097,162307.1,6,VIP
CUST009098,60712.04,4,VIP
CUST009099,52820.119999999995,2,VIP
CUST009100,55552.6,2,VIP
CUST009101,104102.9,5,VIP
CUST009102,119669.73999999999,3,VIP
CUST009103,59740.54,4,VIP
CUST009104,101817.61,4,VIP
CUST009105,137848.62,5,VIP
CUST009106,325494.23,11,VIP
CUST009107,46383.020000000004,4,VIP
CUST009108,160089.82,7,VIP
CUST009109,37528.64,3,VIP
CUST009110,76514.98,3,VIP
CUST009111,134205.92,5,VIP
CUST009112,183422.87,6,VIP
CUST009113,49266.58,2,VIP
CUST009114,192076.47999999998,6,VIP
CUST009115,115018.38,3,VIP
CUST009116,15208.66,1,VIP
CUST009117,25905.61,3,VIP
CUST009118,137601.75,4,VIP
CUST009119,48859.03,4,VIP
CUST009120,150197.19,8,VIP
CUST009121,91055.95999999999,3,VIP
CUST009122,122818.6,5,VIP
CUST009123,69559.4,4,VIP
CUST009125,114829.01999999999,4,VIP
CUST009126,127151.94,8,VIP
CUST009127,171511.26,8,VIP
CUST009128,81609.59,4,VIP
CUST009129,79728.69,3,VIP
CUST009130,37197.82,1,VIP
CUST009131,103175.41,4,VIP
CUST009132,44596.950000000004,3,VIP
CUST009133,108206.92,5,VIP
CUST009134,102880.8,5,VIP
CUST009135,45133.36,3,VIP
CUST009136,83754.78,3,VIP
CUST009137,115606.44,4,VIP
CUST009138,93312.14,5,VIP
CUST009139,69301.37,2,VIP
CUST009140,83532.48000000001,3,VIP
CUST009141,158113.67,5,VIP
CUST009142,100404.68000000001,4,VIP
CUST009143,203435.33,7,VIP
CUST009144,71182.39,2,VIP
CUST009145,80181.66,2,VIP
CUST009146,36426.13,1,VIP
CUST009147,88293.11,2,VIP
CUST009148,95737.23999999999,7,VIP
CUST009149,170417.04,5,VIP
CUST009150,55274.24,3,VIP
CUST009151,99217.03,5,VIP
CUST009152,238381.82,9,VIP
CUST009153,170477.99,4,VIP
CUST009154,164501.28,6,VIP
CUST009155,119007.68,4,VIP
CUST009156,139527.40000000002,4,VIP
CUST009157,59441.82,2,VIP
CUST009158,125918.71,4,VIP
CUST009159,54759.35,3,VIP
CUST009160,122062.47,4,VIP
CUST009161,126541.21999999999,5,VIP
CUST009162,59248.97,3,VIP
CUST009163,36477.88,2,VIP
CUST009164,97380.16,4,VIP
CUST009165,101215.85,4,VIP
CUST009166,60370.28,3,VIP
CUST009167,333518.95,11,VIP
CUST009168,198468.25,6,VIP
CUST009169,37190.14,1,VIP
CUST009170,127614.19,5,VIP
CUST009171,18087.649999999998,3,VIP
CUST009172,145384.89,5,VIP
CUST009173,158800.68,6,VIP
CUST009174,109290.56999999999,4,VIP
CUST009175,113439.0,4,VIP
CUST009176,143387.75,3,VIP
CUST009177,107912.22,4,VIP
CUST009178,95642.86,3,VIP
CUST009179,121217.70000000001,3,VIP
CUST009180,103555.69,4,VIP
CUST009181,244984.55,6,VIP
CUST009182,161467.63,5,VIP
CUST009183,96888.09999999999,3,VIP
CUST009184,128504.27,5,VIP
CUST009185,204525.63,7,VIP
CUST009186,351275.61,11,VIP
CUST009187,176973.84,6,VIP
CUST009188,47773.79,2,VIP
CUST009189,191790.66,9,VIP
CUST009190,97650.37,4,VIP
CUST009191,111461.18,4,VIP
CUST009192,135331.66,6,VIP
CUST009193,149615.77,6,VIP
CUST009194,116246.48,6,VIP
CUST009195,65032.12,4,VIP
CUST009196,79760.4,4,VIP
CUST009197,76606.83,3,VIP
CUST009198,135462.27000000002,4,VIP
CUST009199,149579.79,5,VIP
CUST009200,87241.53,3,VIP
CUST009201,195315.08000000002,6,VIP
CUST009202,92529.69,5,VIP
CUST009203,151221.12,4,VIP
CUST009204,6104.24,2,VIP
CUST009205,28086.969999999998,3,VIP
CUST009206,224850.51,9,VIP
CUST009207,10276.8,1,VIP
CUST009208,82316.54000000001,4,VIP
CUST009209,254527.26,10,VIP
CUST009210,127301.72,6,VIP
CUST009211,68423.26,3,VIP
CUST009212,73901.83,3,VIP
CUST009213,57239.77,3,VIP
CUST009214,128500.08,4,VIP
CUST009215,97060.61,3,VIP
CUST009216,7774.72,1,VIP
CUST009217,164722.2,6,VIP
CUST009218,113435.29000000001,5,VIP
CUST009219,150375.42,5,VIP
CUST009220,35555.19,2,VIP
CUST009221,67360.9,3,VIP
CUST009222,41563.36,2,VIP
CUST009223,15133.06,1,VIP
CUST009224,143251.79,7,VIP
CUST009225,134477.05000000002,6,VIP
CUST009226,63589.56,3,VIP
CUST009227,134771.71,5,VIP
CUST009228,73451.42,4,VIP
CUST009229,43213.9,3,VIP
CUST009230,78900.01999999999,3,VIP
CUST009231,56868.07,4,VIP
CUST009232,69252.51,4,VIP
CUST009233,54942.850000000006,2,VIP
CUST009234,78063.66,4,VIP
CUST009235,84954.35,4,VIP
CUST009236,103357.53,4,VIP
CUST009237,3432.86,1,High Value
CUST009238,151276.7,4,VIP
CUST009239,155675.26,5,VIP
CUST009240,125872.91,5,VIP
CUST009241,118705.02,4,VIP
CUST009242,45495.689999999995,2,VIP
CUST009243,127677.09999999999,5,VIP
CUST009244,175035.31,9,VIP
CUST009245,89648.91,4,VIP
CUST009246,123158.43,4,VIP
CUST009247,56913.01,2,VIP
CUST009248,62402.52,2,VIP
CUST009249,180279.34,5,VIP
CUST009250,69378.47,3,VIP
CUST009251,196885.61,6,VIP
CUST009252,56105.72,2,VIP
CUST009253,95698.32,5,VIP
CUST009254,89599.06,3,VIP
CUST009255,17211.53,1,VIP
CUST009256,109624.75,6,VIP
CUST009257,143742.87,5,VIP
CUST009258,98279.72,5,VIP
CUST009259,72959.28,4,VIP
CUST009260,59531.66,3,VIP
CUST009261,56305.69,2,VIP
CUST009262,90904.06,4,VIP
CUST009263,58584.75,2,VIP
CUST009264,178533.66999999998,5,VIP
CUST009265,119808.39,4,VIP
CUST009266,112518.24,6,VIP
CUST009267,101679.45,4,VIP
CUST009268,26605.6,2,VIP
CUST009269,96794.47,6,VIP
CUST009270,133262.99,5,VIP
CUST009271,147786.61,6,VIP
CUST009272,31494.03,1,VIP
CUST009273,121062.56000000001,4,VIP
CUST009274,75135.3,4,VIP
CUST009275,57570.29,2,VIP
CUST009276,41478.51,1,VIP
CUST009277,112991.89,5,VIP
CUST009278,115864.63,5,VIP
CUST009279,150868.75,5,VIP
CUST009280,124203.81,5,VIP
CUST009281,169184.44,6,VIP
CUST009282,44407.95,4,VIP
CUST009283,130558.31,5,VIP
CUST009284,108774.25,4,VIP
CUST009285,71049.73,4,VIP
CUST009286,171773.34999999998,6,VIP
CUST009287,85203.85,3,VIP
CUST009288,106645.16,5,VIP
CUST009289,126443.0,5,VIP
CUST009290,151998.02,7,VIP
CUST009291,183942.76,6,VIP
CUST009292,200519.34000000003,6,VIP
CUST009293,63849.68,3,VIP
CUST009294,70648.91,5,VIP
CUST009295,118509.01000000001,5,VIP
CUST009296,149052.28,7,VIP
CUST009297,169678.46,7,VIP
CUST009298,113685.64,5,VIP
CUST009299,52417.369999999995,2,VIP
CUST009300,126220.76,5,VIP
CUST009301,144270.53,4,VIP
CUST009302,49779.69,1,VIP
CUST009303,190834.82,9,VIP
CUST009304,112651.91,4,VIP
CUST009305,102881.87,4,VIP
CUST009306,123880.84000000001,4,VIP
CUST009307,112445.61,4,VIP
CUST009308,20644.58,1,VIP
CUST009309,153052.89,5,VIP
CUST009310,127716.56,3,VIP
CUST009311,72967.55,3,VIP
CUST009312,58102.45,2,VIP
CUST009313,82045.32,2,VIP
CUST009314,62380.409999999996,3,VIP
CUST009315,63175.509999999995,2,VIP
CUST009316,31639.52,1,VIP
CUST009317,80509.1,6,VIP
CUST009318,59990.36,2,VIP
CUST009319,46766.58,1,VIP
CUST009320,84561.36,4,VIP
CUST009321,110731.87,7,VIP
CUST009322,70975.07,5,VIP
CUST009323,68784.66,3,VIP
CUST009324,194248.06,6,VIP
CUST009325,112473.82,4,VIP
CUST009326,101364.99,3,VIP
CUST009327,37711.2,2,VIP
CUST009328,198217.55,6,VIP
CUST009329,134929.09,5,VIP
CUST009330,143129.2,6,VIP
CUST009331,143615.01,4,VIP
CUST009332,38638.08,2,VIP
CUST009333,109328.87999999999,4,VIP
CUST009334,115937.83,4,VIP
CUST009335,85697.73000000001,4,VIP
CUST009336,72157.83,3,VIP
CUST009337,138016.7,7,VIP
CUST009338,181124.83,6,VIP
CUST009339,50240.3,2,VIP
CUST009340,83501.66,3,VIP
CUST009341,113250.92,5,VIP
CUST009342,127991.20999999999,3,VIP
CUST009343,153308.45,4,VIP
CUST009344,63088.78,2,VIP
CUST009345,169525.1,6,VIP
CUST009346,182729.74,9,VIP
CUST009347,16782.69,1,VIP
CUST009348,78201.44,4,VIP
CUST009349,42292.95,1,VIP
CUST009350,88260.44,5,VIP
CUST009351,140775.35,5,VIP
CUST009352,290814.42,9,VIP
CUST009353,183264.87,6,VIP
CUST009354,49827.7,3,VIP
CUST009355,143406.7,7,VIP
CUST009356,41789.1,1,VIP
CUST009357,259143.05,9,VIP
CUST009358,52546.270000000004,4,VIP
CUST009359,110566.84000000001,5,VIP
CUST009360,158879.47,5,VIP
CUST009361,118190.87,3,VIP
CUST009362,56144.229999999996,2,VIP
CUST009363,56429.079999999994,4,VIP
CUST009364,51635.14,3,VIP
CUST009365,2774.09,1,High Value
CUST009366,121176.26,6,VIP
CUST009367,99493.68,3,VIP
CUST009368,63549.25,3,VIP
CUST009369,60604.98,2,VIP
CUST009370,21414.27,2,VIP
CUST009372,138012.64,6,VIP
CUST009373,171209.78,5,VIP
CUST009374,69027.69,3,VIP
CUST009375,109760.52,3,VIP
CUST009376,83471.20999999999,3,VIP
CUST009377,82707.64,3,VIP
CUST009378,148286.64,6,VIP
CUST009379,27237.370000000003,3,VIP
CUST009380,157657.48,6,VIP
CUST009381,133962.68,4,VIP
CUST009382,35729.4,1,VIP
CUST009383,192591.7,7,VIP
CUST009384,58677.36,3,VIP
CUST009385,159541.96,6,VIP
CUST009386,48780.35,2,VIP
CUST009387,141579.71000000002,6,VIP
CUST009388,72044.48,2,VIP
CUST009389,116024.98999999999,3,VIP
CUST009390,95644.73,3,VIP
CUST009391,23461.22,2,VIP
CUST009392,158807.76,5,VIP
CUST009393,91838.34,4,VIP
CUST009394,99149.53,4,VIP
CUST009395,94345.48999999999,5,VIP
CUST009396,109478.87,4,VIP
CUST009397,37743.82,2,VIP
CUST009398,1695.55,1,Mid Value
CUST009399,117715.98,3,VIP
CUST009400,90752.29000000001,4,VIP
CUST009401,39416.25,2,VIP
CUST009402,210700.4,6,VIP
CUST009403,150717.01,7,VIP
CUST009404,884.52,1,Mid Value
CUST009405,47320.2,3,VIP
CUST009406,144702.31,5,VIP
CUST009407,108788.77,3,VIP
CUST009408,75568.32,2,VIP
CUST009409,137222.71,6,VIP
CUST009410,195594.41,7,VIP
CUST009411,104003.36,4,VIP
CUST009412,262785.97,10,VIP
CUST009413,17003.15,1,VIP
CUST009414,69883.36,2,VIP
CUST009415,141990.71,4,VIP
CUST009416,32800.32,1,VIP
CUST009417,37120.57,1,VIP
CUST009418,37920.95,1,VIP
CUST009419,18922.089999999997,2,VIP
CUST009420,85369.90999999999,4,VIP
CUST009421,37726.33,2,VIP
CUST009422,195150.29,7,VIP
CUST009423,64082.06999999999,3,VIP
CUST009424,26067.45,2,VIP
CUST009425,90215.23000000001,5,VIP
CUST009426,110834.55,6,VIP
CUST009427,23479.45,1,VIP
CUST009428,84156.27,5,VIP
CUST009429,175068.8,7,VIP
CUST009430,52438.24,3,VIP
CUST009431,164347.53,5,VIP
CUST009432,158835.75,7,VIP
CUST009433,69657.07,3,VIP
CUST009434,88008.36,5,VIP
CUST009435,133034.09,5,VIP
CUST009436,125598.95000000001,4,VIP
CUST009437,46059.87,2,VIP
CUST009438,7603.07,1,VIP
CUST009439,85881.77,3,VIP
CUST009440,150523.52,7,VIP
CUST009441,174267.35,8,VIP
CUST009442,207650.15,6,VIP
CUST009443,40642.18,4,VIP
CUST009444,183467.54,7,VIP
CUST009445,156624.17,6,VIP
CUST009446,89649.15000000001,4,VIP
CUST009447,76693.76999999999,2,VIP
CUST009448,52660.3,3,VIP
CUST009449,48593.1,3,VIP
CUST009450,27964.59,1,VIP
CUST009451,46420.95,3,VIP
CUST009452,203544.25,8,VIP
CUST009453,67894.24,4,VIP
CUST009454,143780.55,4,VIP
CUST009455,35067.55,1,VIP
CUST009456,17935.76,1,VIP
CUST009457,8422.66,2,VIP
CUST009458,73055.53,2,VIP
CUST009459,188927.97,5,VIP
CUST009460,78496.95999999999,3,VIP
CUST009461,148033.02000000002,6,VIP
CUST009462,178310.98,7,VIP
CUST009463,144348.96000000002,6,VIP
CUST009464,63047.31,2,VIP
CUST009465,21240.29,2,VIP
CUST009466,25595.2,1,VIP
CUST009467,10082.55,2,VIP
CUST009468,117892.0,5,VIP
CUST009469,99538.11,5,VIP
CUST009470,65215.14,4,VIP
CUST009471,93242.79000000001,3,VIP
CUST009472,141502.32,6,VIP
CUST009473,157238.28999999998,6,VIP
CUST009474,75896.59999999999,3,VIP
CUST009475,100741.15,4,VIP
CUST009476,79696.85,3,VIP
CUST009477,48681.7,4,VIP
CUST009478,43217.1,3,VIP
CUST009479,173560.82,7,VIP
CUST009480,80184.48,5,VIP
CUST009481,120641.95000000001,3,VIP
CUST009482,159182.07,6,VIP
CUST009483,178726.43,5,VIP
CUST009484,135016.02000000002,5,VIP
CUST009485,38046.32,3,VIP
CUST009486,97621.5,4,VIP
CUST009487,22892.42,2,VIP
CUST009488,49321.88,2,VIP
CUST009489,7574.87,1,VIP
CUST009490,60873.04,2,VIP
CUST009491,116897.70000000001,3,VIP
CUST009492,57572.1,2,VIP
CUST009493,134420.0,5,VIP
CUST009494,182951.8,7,VIP
CUST009495,68107.86,3,VIP
CUST009496,51609.229999999996,2,VIP
CUST009498,108995.34999999999,4,VIP
CUST009499,71971.45,3,VIP
CUST009500,175900.62,7,VIP
CUST009501,119584.20000000001,4,VIP
CUST009502,34486.520000000004,2,VIP
CUST009503,94034.69,4,VIP
CUST009504,84444.34,5,VIP
CUST009505,15906.8,1,VIP
CUST009506,190289.64,10,VIP
CUST009507,48947.33,5,VIP
CUST009508,54792.39,3,VIP
CUST009509,111065.03,5,VIP
CUST009510,199707.93,6,VIP
CUST009511,121429.32,4,VIP
CUST009512,123393.82,6,VIP
CUST009513,113605.78,4,VIP
CUST009514,96799.23999999999,2,VIP
CUST009515,112354.13,4,VIP
CUST009516,119963.15,3,VIP
CUST009517,36331.520000000004,2,VIP
CUST009518,51860.38,3,VIP
CUST009519,136070.82,4,VIP
CUST009520,49380.29,1,VIP
CUST009521,72797.23,2,VIP
CUST009522,118658.3,6,VIP
CUST009523,97743.29999999999,5,VIP
CUST009524,90310.52,4,VIP
CUST009525,45505.09,2,VIP
CUST009526,122668.82,4,VIP
CUST009527,140289.62,5,VIP
CUST009528,153096.14,4,VIP
CUST009529,9782.15,2,VIP
CUST009530,178219.07,6,VIP
CUST009531,105748.56,5,VIP
CUST009532,106674.11,4,VIP
CUST009533,191142.2,6,VIP
CUST009534,60829.85,2,VIP
CUST009535,109689.98000000001,4,VIP
CUST009536,35935.13,2,VIP
CUST009537,178112.24,9,VIP
CUST009538,321423.98,10,VIP
CUST009539,108147.98999999999,3,VIP
CUST009540,118685.70999999999,3,VIP
CUST009541,119532.8,5,VIP
CUST009542,85757.51,4,VIP
CUST009543,127006.25,5,VIP
CUST009544,91345.61,5,VIP
CUST009545,84254.73,4,VIP
CUST009546,67410.84000000001,3,VIP
CUST009547,91715.19,3,VIP
CUST009548,154695.1,6,VIP
CUST009549,105072.62,3,VIP
CUST009550,219237.18,7,VIP
CUST009551,10781.58,2,VIP
CUST009552,149894.97999999998,6,VIP
CUST009553,74562.47,3,VIP
CUST009554,127555.91,6,VIP
CUST009555,94279.69,4,VIP
CUST009556,156521.76,6,VIP
CUST009557,100563.49,5,VIP
CUST009558,28960.29,2,VIP
CUST009559,39568.159999999996,2,VIP
CUST009560,114372.69,4,VIP
CUST009561,16605.85,2,VIP
CUST009562,88448.54000000001,2,VIP
CUST009563,44602.11,2,VIP
CUST009564,87480.11,2,VIP
CUST009565,134814.75,6,VIP
CUST009566,45493.88,1,VIP
CUST009567,221070.82,7,VIP
CUST009568,62346.32,4,VIP
CUST009569,187489.11,7,VIP
CUST009570,96361.19,3,VIP
CUST009571,56049.189999999995,4,VIP
CUST009572,198282.77000000002,6,VIP
CUST009573,120255.84000000001,4,VIP
CUST009574,12049.61,2,VIP
CUST009575,115577.46,5,VIP
CUST009576,18585.29,1,VIP
CUST009577,36803.66,2,VIP
CUST009578,74956.70999999999,4,VIP
CUST009579,132196.75,5,VIP
CUST009580,115068.29000000001,5,VIP
CUST009581,84786.5,4,VIP
CUST009582,117547.24,4,VIP
CUST009583,67836.92,2,VIP
CUST009584,74502.41,3,VIP
CUST009585,126783.48,6,VIP
CUST009586,113966.45,4,VIP
CUST009587,211228.49,8,VIP
CUST009588,116687.57,5,VIP
CUST009589,153181.39,4,VIP
CUST009590,87370.62,3,VIP
CUST009591,49512.08,2,VIP
CUST009592,66803.72,5,VIP
CUST009593,170145.32,5,VIP
CUST009594,16550.09,2,VIP
CUST009595,233051.36,6,VIP
CUST009596,39856.78,3,VIP
CUST009597,106865.73999999999,4,VIP
CUST009598,57143.579999999994,3,VIP
CUST009599,127668.95,6,VIP
CUST009601,105445.13,4,VIP
CUST009602,108963.47,4,VIP
CUST009603,133285.16,5,VIP
CUST009604,125278.95000000001,4,VIP
CUST009605,62727.75,3,VIP
CUST009606,212501.7,7,VIP
CUST009607,14261.24,2,VIP
CUST009608,30725.160000000003,2,VIP
CUST009609,92765.19,3,VIP
CUST009610,68973.81,2,VIP
CUST009611,223823.0,8,VIP
CUST009612,103486.09,5,VIP
CUST009613,70860.02,3,VIP
CUST009614,105094.39,4,VIP
CUST009615,53523.560000000005,3,VIP
CUST009616,107313.93000000001,4,VIP
CUST009617,197745.72,8,VIP
CUST009618,94291.78,3,VIP
CUST009619,92477.11,3,VIP
CUST009620,171562.24000000002,5,VIP
CUST009621,104946.73,4,VIP
CUST009622,107766.18,5,VIP
CUST009623,151903.15,6,VIP
CUST009624,103229.16,3,VIP
CUST009625,24648.11,1,VIP
CUST009626,131431.63,5,VIP
CUST009627,62797.36,3,VIP
CUST009628,113101.6,5,VIP
CUST009629,28364.78,2,VIP
CUST009630,97783.62,4,VIP
CUST009631,83797.14,3,VIP
CUST009632,123947.55,4,VIP
CUST009633,40611.630000000005,2,VIP
CUST009634,90728.92,5,VIP
CUST009635,97138.96,5,VIP
CUST009636,155080.59999999998,5,VIP
CUST009637,121359.81999999999,5,VIP
CUST009638,201277.71000000002,7,VIP
CUST009639,154800.5,5,VIP
CUST009640,161733.22999999998,6,VIP
CUST009641,95529.76000000001,3,VIP
CUST009642,145547.6,7,VIP
CUST009643,83465.57,3,VIP
CUST009644,119808.84,4,VIP
CUST009645,109892.11,4,VIP
CUST009646,111528.81,3,VIP
CUST009647,128774.53,6,VIP
CUST009648,34884.83,3,VIP
CUST009649,260712.87,8,VIP
CUST009650,147949.31,5,VIP
CUST009651,87333.76000000001,3,VIP
CUST009652,186823.25,8,VIP
CUST009653,114721.66,4,VIP
CUST009654,83650.20999999999,2,VIP
CUST009655,72339.87,2,VIP
CUST009656,136582.92,6,VIP
CUST009657,139201.65,5,VIP
CUST009658,151797.48,4,VIP
CUST009659,98804.73999999999,5,VIP
CUST009660,82429.79000000001,4,VIP
CUST009661,94376.4,4,VIP
CUST009662,25963.44,2,VIP
CUST009663,74606.2,2,VIP
CUST009664,66972.53,2,VIP
CUST009665,85631.12,4,VIP
CUST009666,119968.05,5,VIP
CUST009667,97290.62,5,VIP
CUST009668,36953.17999999999,3,VIP
CUST009669,107158.64,6,VIP
CUST009670,220514.77000000002,8,VIP
CUST009671,41808.14,1,VIP
CUST009672,52976.340000000004,3,VIP
CUST009673,137368.93,6,VIP
CUST009674,115077.21,5,VIP
CUST009675,45676.94,3,VIP
CUST009676,130335.56999999999,6,VIP
CUST009677,213623.47,6,VIP
CUST009678,51253.71,3,VIP
CUST009679,160683.05,5,VIP
CUST009680,17221.64,2,VIP
CUST009681,101774.4,3,VIP
CUST009682,52266.78,2,VIP
CUST009683,116527.64,5,VIP
CUST009684,122149.66,4,VIP
CUST009685,128390.12,7,VIP
CUST009686,89702.09999999999,6,VIP
CUST009687,52147.270000000004,2,VIP
CUST009688,157967.47,5,VIP
CUST009689,59020.53,4,VIP
CUST009690,103192.08,4,VIP
CUST009691,30530.19,1,VIP
CUST009692,70931.7,2,VIP
CUST009693,103817.46,5,VIP
CUST009694,139646.53,4,VIP
CUST009695,150295.63999999998,4,VIP
CUST009696,21474.4,2,VIP
CUST009697,227313.88,8,VIP
CUST009698,109327.29000000001,5,VIP
CUST009699,103437.20000000001,4,VIP
CUST009700,86086.4,4,VIP
CUST009701,97343.29000000001,3,VIP
CUST009702,230323.57,6,VIP
CUST009703,188012.73,5,VIP
CUST009704,47894.13,1,VIP
CUST009705,93001.53,4,VIP
CUST009706,119262.23000000001,6,VIP
CUST009707,139017.08,4,VIP
CUST009708,44556.490000000005,3,VIP
CUST009709,61182.229999999996,2,VIP
CUST009710,121135.82999999999,4,VIP
CUST009711,210201.71,11,VIP
CUST009712,179353.63,5,VIP
CUST009713,145179.7,6,VIP
CUST009714,24033.26,1,VIP
CUST009715,133550.15,5,VIP
CUST009716,4204.73,1,High Value
CUST009717,119486.3,5,VIP
CUST009718,23041.14,3,VIP
CUST009719,121547.51,5,VIP
CUST009720,151769.63999999998,5,VIP
CUST009721,134310.33,5,VIP
CUST009722,86005.78,4,VIP
CUST009723,77209.12,3,VIP
CUST009724,92268.36,3,VIP
CUST009725,108584.98000000001,4,VIP
CUST009726,45126.04,3,VIP
CUST009727,32592.72,1,VIP
CUST009728,100760.94,5,VIP
CUST009729,108503.61,5,VIP
CUST009730,127316.78,4,VIP
CUST009731,183612.41,6,VIP
CUST009732,43956.649999999994,2,VIP
CUST009733,90564.13,4,VIP
CUST009734,37368.27,3,VIP
CUST009735,72610.74,3,VIP
CUST009736,28276.65,4,VIP
CUST009737,79040.86000000002,4,VIP
CUST009738,171284.71,7,VIP
CUST009739,55983.869999999995,2,VIP
CUST009740,51377.86,3,VIP
CUST009741,188889.29,7,VIP
CUST009742,87916.14,4,VIP
CUST009743,142948.76,5,VIP
CUST009744,35653.05,3,VIP
CUST009745,32394.0,2,VIP
CUST009746,207192.89,9,VIP
CUST009747,154847.38,4,VIP
CUST009748,94202.4,4,VIP
CUST009749,226403.38,7,VIP
CUST009750,36641.12,1,VIP
CUST009751,127959.03,6,VIP
CUST009752,99590.12000000001,5,VIP
CUST009753,74108.3,4,VIP
CUST009754,76869.34,5,VIP
CUST009755,113259.21,4,VIP
CUST009756,193601.78999999998,8,VIP
CUST009757,137294.93,5,VIP
CUST009758,106096.67,6,VIP
CUST009759,62821.020000000004,5,VIP
CUST009760,93896.94,3,VIP
CUST009761,162074.27,5,VIP
CUST009762,78850.8,4,VIP
CUST009763,156403.49,6,VIP
CUST009764,217109.56,10,VIP
CUST009765,99960.12,4,VIP
CUST009766,8558.39,1,VIP
CUST009767,12250.38,1,VIP
CUST009768,109650.69,4,VIP
CUST009769,62662.42,2,VIP
CUST009770,57940.66,2,VIP
CUST009771,63347.56999999999,2,VIP
CUST009772,156973.58000000002,4,VIP
CUST009773,28017.25,2,VIP
CUST009774,151515.46000000002,4,VIP
CUST009775,123094.8,5,VIP
CUST009776,126947.18,4,VIP
CUST009777,77515.84,3,VIP
CUST009778,131428.06,5,VIP
CUST009779,30281.17,2,VIP
CUST009780,72540.63,5,VIP
CUST009781,144751.88999999998,4,VIP
CUST009782,70173.59,3,VIP
CUST009783,107671.62999999999,4,VIP
CUST009784,218671.0,7,VIP
CUST009785,54253.189999999995,2,VIP
CUST009786,97427.26999999999,4,VIP
CUST009787,109618.61,4,VIP
CUST009788,70750.3,3,VIP
CUST009789,57362.63,3,VIP
CUST009790,98260.0,4,VIP
CUST009791,69296.94,2,VIP
CUST009792,133405.41,5,VIP
CUST009793,126969.61,6,VIP
CUST009794,137902.6,4,VIP
CUST009795,39551.33,1,VIP
CUST009796,161829.92,6,VIP
CUST009797,45185.93,4,VIP
CUST009798,121669.93,3,VIP
CUST009800,172588.01,5,VIP
CUST009801,124297.46,7,VIP
CUST009802,43213.66,1,VIP
CUST009803,73930.6,3,VIP
CUST009804,124540.19,5,VIP
CUST009805,29374.61,2,VIP
CUST009806,61548.450000000004,4,VIP
CUST009807,74972.07,5,VIP
CUST009808,164669.35,5,VIP
CUST009809,42369.8,2,VIP
CUST009810,89728.95,4,VIP
CUST009811,234142.43,8,VIP
CUST009812,117583.8,6,VIP
CUST009813,128594.57999999999,6,VIP
CUST009814,79419.25,3,VIP
CUST009815,91468.69,4,VIP
CUST009816,86928.13,3,VIP
CUST009817,252673.36,7,VIP
CUST009818,98143.87999999999,5,VIP
CUST009819,34382.64,2,VIP
CUST009820,35522.590000000004,3,VIP
CUST009821,163428.43,6,VIP
CUST009822,117002.06,3,VIP
CUST009823,138694.96000000002,4,VIP
CUST009824,169548.83000000002,11,VIP
CUST009825,157703.6,6,VIP
CUST009826,149351.11,5,VIP
CUST009827,48591.58,4,VIP
CUST009828,179856.71,6,VIP
CUST009829,189791.12,5,VIP
CUST009830,144446.56,6,VIP
CUST009831,43323.55,1,VIP
CUST009832,98507.16,4,VIP
CUST009833,70340.23999999999,4,VIP
CUST009835,74601.63,5,VIP
CUST009836,120644.28,6,VIP
CUST009837,87349.64,3,VIP
CUST009838,276049.02,9,VIP
CUST009839,36029.18,1,VIP
CUST009840,48239.14,3,VIP
CUST009841,83580.03,4,VIP
CUST009842,128389.27,6,VIP
CUST009843,1690.55,1,Mid Value
CUST009844,30022.98,3,VIP
CUST009845,103234.88,3,VIP
CUST009846,81637.87,4,VIP
CUST009847,136687.75,5,VIP
CUST009848,125930.51,5,VIP
CUST009849,40772.95,1,VIP
CUST009850,211191.85,6,VIP
CUST009851,65342.84,3,VIP
CUST009852,57288.91,4,VIP
CUST009853,35928.03,2,VIP
CUST009854,106577.94,3,VIP
CUST009855,177157.94,6,VIP
CUST009856,114200.67,4,VIP
CUST009857,23534.27,1,VIP
CUST009858,71303.07,4,VIP
CUST009859,222085.81,9,VIP
CUST009860,135845.06,5,VIP
CUST009861,31105.11,2,VIP
CUST009862,55818.130000000005,2,VIP
CUST009863,170694.68,5,VIP
CUST009864,20978.71,3,VIP
CUST009865,115413.7,5,VIP
CUST009866,55312.520000000004,3,VIP
CUST009867,106853.63,3,VIP
CUST009869,72285.0,5,VIP
CUST009870,83078.44,6,VIP
CUST009871,134767.87,5,VIP
CUST009872,30427.67,2,VIP
CUST009873,166049.74,6,VIP
CUST009874,211673.97,8,VIP
CUST009875,81366.44,2,VIP
CUST009876,54115.06,2,VIP
CUST009877,158124.29,5,VIP
CUST009878,121428.09999999999,4,VIP
CUST009879,46930.1,1,VIP
CUST009880,121739.35,4,VIP
CUST009881,89783.63,5,VIP
CUST009882,71764.57,3,VIP
CUST009883,139518.63,6,VIP
CUST009885,120372.17,6,VIP
CUST009886,80404.82999999999,4,VIP
CUST009887,71312.06,2,VIP
CUST009888,201671.96000000002,5,VIP
CUST009889,109044.2,4,VIP
CUST009890,13701.41,1,VIP
CUST009891,42051.79,1,VIP
CUST009892,95950.86,4,VIP
CUST009893,315011.9,11,VIP
CUST009894,185055.38,6,VIP
CUST009895,281033.17,8,VIP
CUST009896,70552.95,4,VIP
CUST009897,63532.81,4,VIP
CUST009898,69637.5,3,VIP
CUST009899,154021.2,5,VIP
CUST009900,52452.0,3,VIP
CUST009901,137753.31,3,VIP
CUST009902,86708.73999999999,3,VIP
CUST009903,113077.18000000001,4,VIP
CUST009904,29864.97,1,VIP
CUST009905,46264.5,1,VIP
CUST009906,84580.35,4,VIP
CUST009907,59563.61,2,VIP
CUST009908,97807.88,4,VIP
CUST009909,30455.26,2,VIP
CUST009910,118836.36,5,VIP
CUST009911,30844.63,2,VIP
CUST009912,117350.65,5,VIP
CUST009913,73183.0,4,VIP
CUST009914,148289.75,6,VIP
CUST009915,49310.82,1,VIP
CUST009916,162890.99,5,VIP
CUST009917,86663.52,2,VIP
CUST009918,61345.90000000001,3,VIP
CUST009919,120812.66,4,VIP
CUST009921,118544.12999999999,5,VIP
CUST009922,302900.4,8,VIP
CUST009923,139204.32,3,VIP
CUST009924,90395.79999999999,4,VIP
CUST009925,217272.57,7,VIP
CUST009926,53968.16,2,VIP
CUST009927,88016.21,5,VIP
CUST009928,137774.89,4,VIP
CUST009929,102974.14,4,VIP
CUST009930,51652.36,2,VIP
CUST009931,80130.36,3,VIP
CUST009932,110401.65,4,VIP
CUST009933,101616.36,3,VIP
CUST009934,7786.71,1,VIP
CUST009935,98584.11,4,VIP
CUST009936,57722.509999999995,2,VIP
CUST009937,91488.36,4,VIP
CUST009938,89367.53,4,VIP
CUST009939,151255.99,7,VIP
CUST009940,150994.76,5,VIP
CUST009941,145068.56,7,VIP
CUST009942,208526.43,7,VIP
CUST009943,139229.16,5,VIP
CUST009944,51388.72,3,VIP
CUST009945,144839.25,4,VIP
CUST009946,80472.92,3,VIP
CUST009947,184795.47999999998,6,VIP
CUST009948,10480.189999999999,2,VIP
CUST009949,51641.61,5,VIP
CUST009950,79090.01000000001,2,VIP
CUST009951,144858.93,5,VIP
CUST009952,140118.21000000002,4,VIP
CUST009953,119653.39,3,VIP
CUST009954,141514.57,4,VIP
CUST009955,27735.8,2,VIP
CUST009956,57863.299999999996,4,VIP
CUST009957,73716.47,4,VIP
CUST009958,42618.689999999995,2,VIP
CUST009959,147209.25,8,VIP
CUST009960,128511.70999999999,7,VIP
CUST009961,8648.66,2,VIP
CUST009962,148351.24,5,VIP
CUST009963,54030.270000000004,3,VIP
CUST009965,129290.06,4,VIP
CUST009966,98657.54,5,VIP
CUST009967,194122.72,7,VIP
CUST009968,122451.76000000001,5,VIP
CUST009969,143221.34,5,VIP
CUST009970,88099.29,4,VIP
CUST009971,145155.86,5,VIP
CUST009972,115808.53,5,VIP
CUST009973,89083.56,4,VIP
CUST009974,68548.28,2,VIP
CUST009975,165345.94,7,VIP
CUST009976,81613.26000000001,6,VIP
CUST009977,77304.33,3,VIP
CUST009978,42645.31,1,VIP
CUST009979,106399.61,4,VIP
CUST009980,57520.66,5,VIP
CUST009981,176391.44,5,VIP
CUST009982,104039.43,4,VIP
CUST009983,102804.54999999999,3,VIP
CUST009984,179010.49,10,VIP
CUST009985,146863.03999999998,4,VIP
CUST009986,54555.42,4,VIP
CUST009987,229198.75,8,VIP
CUST009988,82786.35,4,VIP
CUST009989,65661.77,4,VIP
CUST009990,183088.17,7,VIP
CUST009991,44096.08,2,VIP
CUST009992,82333.72,4,VIP
CUST009993,88753.4,4,VIP
CUST009994,21013.38,1,VIP
CUST009995,48368.14,2,VIP
CUST009996,28777.84,1,VIP
CUST009997,34546.75,4,VIP
CUST009998,50041.409999999996,2,VIP
CUST009999,38796.57,2,VIP
CUST010000,142898.34,5,VIP
